Sample_ID_IfH,Organism_Code,Imipenem,amikacin,gentamicin,cefepime,meropenem,levofloxacin,trimethoprim-sulfamethoxazole,ertapenem,aztreonam,ciprofloxacin,piperacillin-tazobactam,tobramycin,colistin,cefotaxime,cefuroxime,ampicillin,amoxicillin-clavulanic acid,ceftazidime,tigecycline,fosfomycin,ceftazidime-avibactam,cefpodoxime,ceftriaxone,doripenem,ampicillin-sulbactam,piperacillin,Imipenem-relebactam,ceftolozane-tazobactam,ceftaroline,cefazolin,nitrofurantoin,ofloxacin,cefiderocol,ticarcillin-clavulanic acid,amoxicillin,sulfamethoxazole
573.46869,EKP,,R,,,R,R,,R,R,R,R,,S,,,,R,R,S,,R,,R,,,,,R,,,,,S,,,
72407.2678,EKP,,,R,,,R,,,R,R,,R,S,R,S,,,S,R,,,R,R,S,R,R,,,,,,,,,,
72407.2342,EKP,S,S,,S,,S,,,S,,,S,S,S,S,,,S,R,,,R,S,S,R,R,,,,,,,,,,
573.66371,EKP,,,,R,,,,,S,,,,,R,R,R,R,R,,,,,,,,,,,,,,,,,,
573.66584,EKP,,,R,,R,,,R,R,,,,,R,R,R,R,R,,,,,,,,,,,,,,,,,,
574.79,EKP,,,S,R,S,R,R,,,R,R,,S,R,R,,,R,R,,,R,R,R,R,R,,,,,,,,,,
573.7221,EKP,,S,S,R,S,,R,R,R,R,R,S,S,,,,,R,R,,,,R,,,,,,,,,,,,,
72407.2232,EKP,,S,S,R,S,,,,R,R,,,S,R,S,,,R,R,,,R,R,S,R,R,,,,,,,,,,
72407.166,EKP,R,,R,,,R,R,,,R,R,R,S,R,,,,R,R,,,,,S,,,,,,,,,,R,,
72407.2609,EKP,,,,S,,S,,,,R,S,S,S,R,S,,,S,R,,,R,R,S,R,R,,,,,,,,,,
573.18088,EKP,,,R,,S,R,,R,R,R,,R,S,R,,R,R,R,R,,,,R,R,R,,,,,R,,,,,,
573.24333,EKP,,R,,,S,R,R,R,R,,,R,S,R,,R,R,R,R,,,,R,R,,,,,,R,,,,,,
573.46357,EKP,R,,,,,R,,,,R,,,,R,,,,R,S,,,,R,,,R,,,,,,,,,,
574.85,EKP,S,S,,R,,,,,,,,S,S,R,R,,,R,R,,,R,R,R,R,R,,,,,,,,,,
72407.2263,EKP,,,,S,,,R,,,,S,S,S,R,S,,,R,R,,,R,R,S,S,R,,,,,,,,,,
573.4072,EKP,S,,S,,,,,,,R,R,,,R,R,,R,R,R,,,,,,,,,,,,,,,,,
573.65982,EKP,S,S,,R,S,R,,,R,R,,S,S,R,S,,,R,R,,,R,R,S,R,S,,,,,,,,,,
573.46352,EKP,,,,,R,,,,,R,,,,R,,,,R,R,,,,R,,,R,,,,,,,,,,
573.66029,EKP,S,S,S,,S,,R,,R,,S,S,S,R,S,,,S,R,,,R,R,S,S,R,,,,,,,,,,
573.66484,EKP,,S,S,R,R,,,R,,R,,,,R,R,R,R,R,,,,,,,,,,,,,,,,,,
573.66422,EKP,,,,,,,,,,R,,,,R,R,R,R,R,,,,,,,,,,,,,,,,,,
72407.2354,EKP,,,R,,S,,,,R,,S,,S,R,S,,,S,R,,,R,R,S,R,R,,,,,,,,,,
573.29995,EKP,R,,S,,S,,,R,,S,,,S,,,,,,S,,S,,,,,,,,,,,,,,,
573.46366,EKP,,R,,,,,,,,R,,,,R,,,,R,S,,,,R,,,R,,,,,,,,,,
573.7074,EKP,S,,S,,,,,,,R,R,,,R,R,,R,R,R,,,,,,,,,,,,,,,,,
1400166.3,EKP,,,S,S,S,,R,,,S,S,S,,,,,,S,,,,,S,,S,,,,,S,,,,,,
573.4128,EKP,S,,S,,,,,,,,,,,S,R,,S,S,R,,,,,,,,,,,,,,,,,
573.66218,EKP,,S,,R,,,,,,R,,,,R,R,R,R,R,,,,,,,,,,,,,,,,,,
574.8,EKP,S,S,R,,,R,,,R,,,,S,R,R,,,R,R,,,R,R,S,R,R,,,,,,,,,,
573.66289,EKP,,,R,R,R,,,R,,R,,,,R,R,R,R,R,,,,,,,,,,,,,,,,,,
72407.251,EKP,S,,R,,S,,R,R,,S,S,,S,R,S,,,R,R,,,R,R,S,S,R,,,,,,,,R,,
573.29966,EKP,,S,,,R,,,R,,R,,,S,,,,,,R,,S,,,,,,,,,,,,,,,
573.24358,EKP,,,S,R,S,,,,,R,R,,S,R,,R,R,R,R,,,,R,R,,,,,,R,,,,,,
574.67,EKP,S,S,S,R,,,R,,,R,,R,S,R,R,,,R,R,,,R,R,S,R,R,,,,,,,,,,
72407.2368,EKP,,,,,S,,,,S,R,,S,S,R,S,,,S,R,,,R,R,S,R,R,,,,,,,,,,
573.66378,EKP,,,,,S,,,R,R,R,,,,R,R,R,R,R,,,,,,,,,,,,,,,,,,
72407.2398,EKP,,,,R,S,,,,R,R,,,S,R,S,,,S,R,,,R,R,S,R,R,,,,,,,,,,
573.4219,EKP,S,,S,,,,,,,S,R,,,S,R,,R,S,R,,,,,,,,,,,,,,,,,
72407.2312,EKP,,S,,S,,S,,,S,S,S,S,S,R,R,,,R,R,,,R,R,S,R,R,,,,,,,,,,
573.66564,EKP,,,,,,,,,,R,,,,R,R,R,R,R,,,,,,,,,,,,,,,,,,
573.66224,EKP,,R,,,R,,,R,R,R,,,,R,R,R,R,R,,,,,,,,,,,,,,,,,,
573.7068,EKP,S,,R,,,,,,,R,R,,,R,R,,R,R,R,,,,,,,,,,,,,,,,,
573.66412,EKP,,S,S,R,R,,,,,,,,,R,R,R,R,R,,,,,,,,,,,,,,,,,,
573.24451,EKP,,R,,R,,,R,R,R,R,R,,R,R,,R,R,R,R,,,,R,R,,,,,,R,,,,,,
573.66442,EKP,,S,,R,,,,,R,,,,,R,R,R,R,R,,,,,,,,,,,,,,,,,,
573.66093,EKP,S,,,R,S,,,,R,R,,R,S,R,R,,,R,R,,,R,R,S,R,R,,,,,,,,,,
72407.2651,EKP,S,,R,R,S,,,,R,,S,R,S,R,S,,,R,R,,,R,R,S,R,R,,,,,,,,,,
573.25927,EKP,S,,S,,,,S,,R,,R,,S,R,,R,,S,S,,S,,R,S,,,,,,,,,,,,
72407.2409,EKP,,,S,R,S,R,R,,,,S,,S,R,S,,,S,R,,,R,R,S,R,R,,,,,,,,,,
573.4082,EKP,S,,R,,,,,,,R,R,,,R,R,,R,R,R,,,,,,,,,,,,,,,,,
573.29963,EKP,R,,S,,,,,R,,R,,,S,,,,,,S,,S,,,,,,,,,,,,,,,
1328421.3,EKP,,R,R,R,S,,R,,,R,,R,R,,,,,R,R,,,,R,,R,,,,,R,,,,,,
72407.2533,EKP,R,,R,,S,R,,,,,,,S,R,R,,,R,R,,,R,R,R,R,R,,,,,,,,,,
573.46353,EKP,,,,,R,R,,,,R,,,,R,,,,R,S,,,,R,,,R,,,,,,,,,,
573.24414,EKP,,R,R,R,,,R,,,R,R,,R,R,,R,R,R,R,,,,R,R,,,,,,R,,,,,,
574.98,EKP,,,,R,,,R,,R,,S,S,R,R,S,,,R,R,,,R,R,S,S,R,,,,,,,,,,
72407.2439,EKP,S,,R,,,,R,,R,,,,S,R,S,,,R,R,,,R,R,S,R,R,,,,,,,,,,
573.24436,EKP,R,R,R,,S,R,,,R,R,,,S,R,,R,R,R,S,,,,R,R,,,,,,R,,,,,,
573.66514,EKP,,,R,,R,,,,R,R,,,,R,R,R,R,R,,,,,,,,,,,,,,,,,,
573.66269,EKP,,R,S,R,R,,,R,R,,,,,R,R,R,R,R,,,,,,,,,,,,,,,,,,
72407.2814,EKP,,,,,S,S,,,,S,,,S,R,S,,,R,R,,,R,R,S,R,R,,,,,,,,,,
573.66519,EKP,,,R,R,,,,R,S,,,,,R,R,R,R,R,,,,,,,,,,,,,,,,,,
72407.2256,EKP,,S,,,,S,R,,R,,R,S,S,R,R,,,R,R,,,R,R,S,R,R,,,,,,,,,,
72407.2587,EKP,S,,S,S,S,S,,,,,S,S,S,S,S,,,S,S,,,S,S,S,S,S,,,,,,,,,,
573.4049,EKP,S,,S,,,,,,,S,R,,,,R,,S,S,R,,,,,,,,,,,,,,,,,
72407.2721,EKP,S,,,S,,,,,R,S,S,,S,R,R,,,R,R,,,R,R,S,R,R,,,,,,,,,,
72407.2475,EKP,,,,S,,,,,S,,,,S,R,S,,,S,R,,,R,R,S,R,R,,,,,,,,,,
72407.2851,EKP,S,S,,S,S,S,R,,,S,S,S,S,S,S,,,S,R,,,S,S,S,R,R,,,,,,,,,,
72407.2425,EKP,S,S,,R,S,,R,,,R,,,S,R,R,,,R,R,,,R,S,S,R,R,,,,,,,,,,
1328405.3,EKP,,,S,,R,,R,,,R,R,S,,,R,,,R,,,,,,,R,,,,,R,,,,,,
573.46359,EKP,,R,,R,R,R,,,,R,,,,R,,,,R,R,,,,R,,,R,,,,,,,,,,
573.65931,EKP,S,,S,S,,,,,S,S,S,,S,R,R,,,R,R,,,R,R,R,R,R,,,,,,,,,,
573.4189,EKP,S,,,,,,,,,R,R,,,R,R,,R,R,S,,,,,,,,,,,,,,,,,
72407.2499,EKP,S,,R,,S,R,,,,,S,,S,R,S,,,R,R,,,R,R,S,R,R,,,,,,,,,,
573.66326,EKP,,R,S,,,,,S,,R,,,,S,R,R,S,S,,,,,,,,,,,,,,,,,,
573.4177,EKP,S,,R,,,,,,,R,R,,,,R,,R,R,,,,,,,,,,,,,,,,,,
72407.2387,EKP,S,S,S,R,,R,R,,R,,R,,S,R,S,,,R,R,,,R,R,S,R,R,,,,,,,,,,
573.29948,EKP,,R,,,,,R,,,R,,,S,,,,,,S,,S,,,,,,,,,,,,,,,
72407.197,EKP,,R,S,R,,,,R,,R,R,,S,R,,,,R,R,,,,,S,,,,,,,,,,R,,
72407.2873,EKP,S,,,,S,S,,,S,S,S,,S,R,S,,,S,R,,,R,R,S,R,R,,,,,,,,,,
573.66387,EKP,,R,S,,R,,,R,R,,,,,R,R,R,R,R,,,,,,,,,,,,,,,,,,
573.66379,EKP,,,,R,R,,,,R,R,,,,R,R,R,R,R,,,,,,,,,,,,,,,,,,
72407.2408,EKP,S,S,,,S,,R,,R,,S,R,S,R,S,,,R,R,,,R,R,S,R,R,,,,,,,,,,
72407.2365,EKP,S,S,,,,R,,,R,R,R,,S,R,R,,,R,R,,,R,R,S,R,R,,,,,,,,,,
72407.2757,EKP,,,,,S,R,,,R,,,,S,R,S,,,R,R,,,R,R,S,R,R,,,,,,,,,,
573.46331,EKP,,R,,R,R,R,,,,,,,,R,,,,R,R,,,,R,,,R,,,,,,,,,,
573.29901,EKP,,,S,,R,,R,R,,,,,R,,,,,,R,,S,,,,,,,,,,,,,,,
573.4103,EKP,S,,,,,,,,,,,,,S,R,,R,S,R,,,,,,,,,,,,,,,,,
72407.1435,EKP,S,,R,R,S,R,,,,,,,,R,,,,R,S,,,,,,,,,,,,,,,,,
573.4077,EKP,S,,S,,,,,,,R,R,,,S,R,,R,S,S,,,,,,,,,,,,,,,,,
72407.2427,EKP,S,,,,S,,,,,R,S,,S,R,S,,,R,R,,,R,R,S,R,S,,,,,,,,,,
573.46358,EKP,R,,,,R,,,,,R,,,,R,,,,R,S,,,,R,,,R,,,,,,,,,,
1284812.3,EKP,R,R,R,R,S,R,R,R,R,R,R,R,R,R,,,,R,S,,,,,S,,,,,,,,,,R,,
573.46408,EKP,R,,,R,R,R,,,,,,,,R,,,,R,R,,,,R,,,R,,,,,,,,,,
72407.2341,EKP,,S,S,R,S,,,,,,,S,S,R,R,,,R,R,,,R,R,S,R,R,,,,,,,,,,
573.66283,EKP,,,S,,,,,R,,R,,,,R,R,R,R,R,,,,,,,,,,,,,,,,,,
573.31612,EKP,R,R,R,,R,,,,,,R,,R,R,,R,R,R,R,,,,,,,,,,,,,,,,,
72407.2724,EKP,S,S,,R,S,S,R,,R,,S,S,S,R,S,,,S,R,,,R,R,S,R,R,,,,,,,,,,
72407.2426,EKP,S,,S,,,,,,R,,,S,R,R,S,,,R,S,,,R,R,S,S,R,,,,,,,,,,
573.15044,EKP,,,S,R,S,,,R,,R,,R,R,R,,R,R,R,R,,,,R,R,R,,,,,R,,,,,,
1304923.3,EKP,S,S,R,R,S,R,R,R,R,R,R,R,S,R,,,,R,S,,,,,S,,,,,,,,,,R,,
72407.2216,EKP,,S,,,S,,,,R,S,,R,S,S,S,,,S,S,,,R,R,S,R,R,,,,,,,,,,
72407.2429,EKP,,,,,S,,R,,,R,,R,S,R,S,,,S,R,,,R,R,S,R,R,,,,,,,,,,
573.24407,EKP,R,S,,R,S,,,R,,,,,R,R,,R,R,R,S,,,,R,R,,,,,,R,,,,,,
573.66485,EKP,,,R,R,R,,,,,R,,,,R,R,R,R,R,,,,,,,,,,,,,,,,,,
72407.2333,EKP,,S,S,,S,S,,,,,,,S,R,R,,,R,R,,,R,R,R,R,R,,,,,,,,,,
72407.2348,EKP,,,R,R,,S,R,,,,,R,S,R,S,,,R,R,,,R,R,S,R,R,,,,,,,,,,
573.46383,EKP,,,,R,,R,,,,R,,,,R,,,,R,S,,,,R,,,R,,,,,,,,,,
72407.2173,EKP,,S,R,R,,,,,,,S,,S,R,S,,,R,R,,,R,R,S,R,R,,,,,,,,,,
72407.2826,EKP,,,S,S,S,,R,,S,,,,S,S,R,,,S,R,,,S,S,S,R,R,,,,,,,,,,
574.86,EKP,S,,R,,S,,,,,,,,S,R,S,,,S,R,,,R,R,S,R,R,,,,,,,,,,
573.24434,EKP,R,,,R,S,,,,,,R,,S,R,,R,R,R,R,,,,R,R,,,,,,R,,,,,,
573.46335,EKP,,S,,,R,R,,,,,,,,R,,,,R,R,,,,R,,,R,,,,,,,,,,
573.65974,EKP,R,,,R,,R,R,,R,,S,,S,R,R,,,R,R,,,R,R,R,R,R,,,,,,,,,,
573.46329,EKP,R,S,,,R,R,,,,R,,,,R,,,,R,R,,,,R,,,R,,,,,,,,,,
573.66095,EKP,,,S,,,,,,R,R,S,S,S,R,S,,,R,R,,,R,R,S,R,R,,,,,,,,,,
573.24403,EKP,R,,S,R,S,,R,,R,,R,,S,R,,R,R,R,R,,,,R,R,,,,,,R,,,,,,
72407.2767,EKP,S,,S,,S,,R,,R,,,S,S,R,R,,,R,R,,,R,R,R,R,R,,,,,,,,,,
72407.2192,EKP,S,S,S,R,,S,R,,,,S,S,S,R,S,,,R,S,,,R,R,S,R,S,,,,,,,,,,
72407.2822,EKP,,S,S,S,,,,,,,,,S,R,R,,,R,R,,,S,S,S,R,R,,,,,,,,,,
573.29983,EKP,,S,S,,,,R,R,,R,,,S,,,,,,S,,S,,,,,,,,,,,,,,,
72407.2772,EKP,S,S,,S,,,,,S,S,S,,S,S,S,,,S,R,,,S,S,S,S,R,,,,,,,,,,
72407.2494,EKP,S,S,R,R,,,,,,,,R,R,R,S,,,R,R,,,R,R,S,R,R,,,,,,,,,,
72407.258,EKP,,R,R,R,,R,,R,S,,R,S,S,R,S,,,R,R,,,R,R,S,R,R,,,,,,,,R,,
573.65953,EKP,,,,R,S,S,R,,R,,S,,S,R,S,,,S,R,,,R,R,S,R,R,,,,,,,,,,
573.66398,EKP,,R,,,R,,,R,,,,,,R,R,R,R,R,,,,,,,,,,,,,,,,,,
573.4174,EKP,S,,S,,,,,,,R,R,,,,R,,R,R,R,,,,,,,,,,,,,,,,,
573.7219,EKP,,S,S,R,S,,R,R,R,R,R,S,S,,,,,R,R,,,,R,,,,,,,,,,,,,
72407.2876,EKP,,,,S,,S,,,,S,,,S,R,S,,,R,S,,,R,R,S,R,R,,,,,,,,,,
573.66495,EKP,,S,S,R,,,,S,,,,,,R,R,R,R,S,,,,,,,,,,,,,,,,,,
72407.2267,EKP,,S,,,,S,R,,R,R,S,,S,R,S,,,R,R,,,R,R,S,R,R,,,,,,,,,,
573.46346,EKP,,,,R,R,,,,,,,,,R,,,,R,R,,,,R,,,R,,,,,,,,,,
72407.2323,EKP,,,,R,,R,R,,R,,R,R,S,R,R,,,R,R,,,R,R,S,R,R,,,,,,,,,,
72407.196,EKP,R,S,R,,,R,,R,,R,,R,S,R,,,,R,S,,,,,S,,,,,,,,,,R,,
573.66255,EKP,,S,S,,,,,R,,,,,,R,R,R,R,R,,,,,,,,,,,,,,,,,,
573.29949,EKP,,S,,,R,,,R,,,,,R,,,,,,R,,S,,,,,,,,,,,,,,,
72407.2288,EKP,S,,S,S,S,S,R,,S,R,,,S,R,S,,,S,R,,,R,R,S,R,R,,,,,,,,,,
72407.2282,EKP,S,,S,,S,S,,,R,,,S,S,R,S,,,S,R,,,R,R,S,R,R,,,,,,,,,,
573.24423,EKP,R,,S,,,R,,,R,R,,,S,R,,R,R,R,R,,,,R,R,,,,,,R,,,,,,
573.4091,EKP,S,,R,,,,,,,R,S,,,R,R,,R,R,R,,,,,,,,,,,,,,,,,
573.65945,EKP,,R,S,,S,,R,,,,,,S,R,R,,,R,R,,,R,R,S,R,R,,,,,,,,,,
573.12781,EKP,,R,,,,R,R,,R,,,,S,R,,R,R,R,R,,,,R,R,R,,,,,R,,,,,,
573.29892,EKP,R,S,R,,,,R,R,,,,,S,,,,,,S,,S,,,,,,,,,,,,,,,
1304916.4,EKP,R,R,S,R,S,R,R,R,R,R,R,R,S,R,,,,R,R,,,,,S,,,,,,,,,,R,,
573.46381,EKP,,,,R,R,,,,,R,,,,R,,,,R,S,,,,R,,,R,,,,,,,,,,
573.4155,EKP,S,,S,,,,,,,R,R,,,S,R,,R,S,R,,,,,,,,,,,,,,,,,
72407.2561,EKP,,,,,,,R,,,,,,S,R,R,,,R,R,,,R,R,S,R,R,,,,,,,,,,
573.20061,EKP,,,,,,,,R,S,S,,,S,R,,R,R,S,S,,,,S,R,R,,,,,R,,,,,,
573.46858,EKP,,,,,,R,R,R,R,,R,,S,,,,R,R,S,,R,,R,,,,,R,,,,,,,,
72407.2484,EKP,S,,,,S,S,,,R,R,,,S,R,R,,,R,R,,,R,R,S,R,R,,,,,,,,,,
72407.189,EKP,R,R,,R,,R,,,,R,R,R,S,R,,,,R,S,,,,,S,,,,,,,,,,R,,
573.7055,EKP,S,,R,,,,,,,R,R,,,R,R,,R,R,R,,,,,,,,,,,,,,,,,
72407.2349,EKP,S,S,,,,,,,S,R,,,S,R,S,,,S,R,,,R,R,S,R,R,,,,,,,,,,
573.66311,EKP,,,R,R,R,,,,,,,,,R,R,R,R,R,,,,,,,,,,,,,,,,,,
573.4184,EKP,S,,R,,,,,,,S,S,,,R,R,,R,R,S,,,,,,,,,,,,,,,,,
1284809.4,EKP,S,S,R,R,S,R,R,R,R,R,R,R,S,R,,,,R,S,,,,,S,,,,,,,,,,R,,
72407.2831,EKP,,,S,S,,S,R,,S,,S,S,S,R,S,,,S,R,,,R,R,S,R,R,,,,,,,,,,
573.31601,EKP,R,R,S,R,,,,,,,,,R,R,,R,R,R,R,,,,,,,,,,,,,,,,,
573.31603,EKP,,R,,,R,,,R,,,R,,R,R,,R,R,R,R,,,,,,,,,,,,,,,,,
573.7025,EKP,S,S,S,R,S,S,R,R,R,S,R,R,R,R,,R,R,R,R,,,,R,S,R,,,,,R,,,,,,
72407.2811,EKP,,,,R,,S,R,,,,,,S,R,R,,,R,R,,,R,R,R,R,R,,,,,,,,,,
573.29965,EKP,R,R,S,,,,R,R,,,,,R,,,,,,R,,S,,,,,,,,,,,,,,,
72407.2848,EKP,S,S,,S,,S,R,,,R,,S,R,R,R,,,R,S,,,R,R,S,R,R,,,,,,,,,,
72407.2268,EKP,S,S,S,R,,,R,,,R,S,,S,R,S,,,S,R,,,R,R,S,R,R,,,,,,,,,,
573.46849,EKP,,R,R,R,R,R,R,,,,R,,S,,,,R,R,S,,R,,R,,,,,R,,,,,,,,
573.7061,EKP,S,,S,,,,,,,R,R,,,S,R,,S,S,R,,,,,,,,,,,,,,,,,
72407.2182,EKP,,,,R,,S,,,,R,S,S,S,R,S,,,R,R,,,R,R,S,R,R,,,,,,,,,,
72407.2343,EKP,,S,S,R,S,S,,,R,,,,S,R,S,,,R,R,,,R,R,S,R,R,,,,,,,,,,
573.24361,EKP,,,S,R,S,,S,,,R,,,S,R,,R,R,R,S,,,,R,S,,,,,,R,,,,,,
573.12778,EKP,R,R,,,R,,,R,,,,,R,R,,R,R,R,R,,,,R,,R,,,,,R,,,,,,
72407.2317,EKP,,S,S,S,,,R,,S,,S,,S,R,R,,,R,R,,,R,R,S,R,R,,,,,,,,,,
573.66335,EKP,,,,,,,,,,R,,,,R,R,R,R,R,,,,,,,,,,,,,,,,,,
72407.2401,EKP,S,S,,,,S,R,,,R,S,,S,S,R,,,R,R,,,R,S,S,R,R,,,,,,,,,,
573.66501,EKP,,,R,,R,,,R,R,R,,,,R,R,R,R,R,,,,,,,,,,,,,,,,,,
573.66329,EKP,,R,R,,,,,R,,,,,,R,R,R,R,R,,,,,,,,,,,,,,,,,,
573.46844,EKP,,,R,,,,R,R,,R,R,,S,,,,R,R,S,,R,,R,,,,,R,,,,,S,,,
573.66423,EKP,,,S,,R,,,,,,,,,R,R,R,R,R,,,,,,,,,,,,,,,,,,
72407.2324,EKP,S,S,S,,S,R,R,,,,R,,S,R,R,,,R,R,,,R,R,R,R,R,,,,,,,,,,
574.117,EKP,,S,,R,,S,,,R,,,S,S,R,S,,,R,R,,,R,R,S,R,R,,,,,,,,,,
573.7093,EKP,S,,S,,,,,,,R,R,,,,R,,S,S,,,,,,,,,,,,,,,,,,
1328426.3,EKP,,,S,S,S,,R,,,S,,S,,,,,,S,,,,,S,,S,,,,,S,,,,,,
72407.2829,EKP,S,S,S,R,S,S,R,,R,,S,,S,R,S,,,S,R,,,R,R,S,R,R,,,,,,,,,,
72407.2682,EKP,S,S,,S,,,,,,R,S,,S,R,S,,,S,R,,,R,R,S,R,R,,,,,,,,,,
573.5624,EKP,,,R,R,,,R,,,R,,R,R,R,,R,,R,R,,,,,,R,,,,R,R,,,,,,
573.65904,EKP,,,,R,,,,,,R,,,S,R,S,,,R,R,,,R,R,S,R,R,,,,,,,,,,
573.66401,EKP,,,,,R,,,,,,,,,R,R,R,R,R,,,,,,,,,,,,,,,,,,
72407.2868,EKP,S,,R,R,S,R,,,,,,R,R,R,S,,,R,R,,,R,R,S,R,R,,,,,,,,,,
72407.1438,EKP,R,S,,R,R,,,,,R,,,,R,,,,R,R,,,,,,,,,,,,,,,,,
573.66488,EKP,,S,R,R,R,,,R,R,,,,,R,R,R,R,R,,,,,,,,,,,,,,,,,,
72407.2688,EKP,,S,S,,S,,R,,S,S,S,,S,S,S,,,S,R,,,S,S,S,S,R,,,,,,,,,,
72407.2669,EKP,,S,,R,S,S,,,R,R,,R,S,R,S,,,R,R,,,R,R,S,R,R,,,,,,,,,,
72407.2643,EKP,,S,,,,S,,,S,S,R,,S,R,R,,,R,R,,,R,R,S,R,R,,,,,,,,,,
573.24418,EKP,,,R,R,,,R,R,,R,R,,S,R,,R,R,R,R,,,,R,R,,,,,,R,,,,,,
573.5769,EKP,S,R,R,R,S,,R,,R,R,R,R,R,R,,R,,R,R,,,,,,R,,,,R,R,,,,,,
573.66459,EKP,,S,,,,,,,,,,,,R,R,R,R,R,,,,,,,,,,,,,,,,,,
72407.2318,EKP,S,,,,S,S,,,,,S,R,S,R,R,,,R,R,,,R,R,R,R,R,,,,,,,,,,
574.77,EKP,,,,,S,R,,,,,,S,S,R,R,,,R,R,,,R,R,S,R,R,,,,,,,,,,
1284796.3,EKP,R,S,R,R,S,R,R,R,R,R,R,R,S,R,,,,R,R,,,,,S,,,,,,,,,,R,,
72407.2541,EKP,,,,,,S,,,R,,,,S,R,S,,,S,R,,,R,R,S,R,R,,,,,,,,,,
72407.2567,EKP,S,S,R,,S,,R,,R,R,,,S,R,S,,,S,S,,,R,R,S,R,R,,,,,,,,,,
72407.2614,EKP,S,S,S,R,S,,,,,R,R,S,S,R,S,,,R,R,,,R,R,S,R,R,,,,,,,,,,
573.29878,EKP,R,,R,,R,,R,,,,,,S,,,,,,S,,S,,,,,,,,,,,,,,,
573.17927,EKP,S,S,,R,,,S,R,R,S,,R,S,R,,R,R,R,S,,,,R,R,R,,,,,R,,,,,,
72407.2237,EKP,,,S,R,S,S,,,,,,R,S,R,S,,,R,R,,,R,R,S,R,R,,,,,,,,,,
573.65972,EKP,S,,,R,S,,,,R,R,,,S,R,R,,,R,R,,,R,R,S,R,R,,,,,,,,,,
573.4168,EKP,S,,S,,,,,,,R,S,,,S,R,,S,S,R,,,,,,,,,,,,,,,,,
573.46405,EKP,,,,,,S,,,,,,,,R,,,,R,R,,,,R,,,R,,,,,,,,,,
72407.243,EKP,S,,R,R,,R,R,,R,R,,R,S,R,S,,,R,R,,,R,R,S,R,R,,,,,,,,R,,
1284789.4,EKP,R,R,S,R,S,R,S,R,R,R,R,R,R,R,,,,R,R,,,,,S,,,,,,,,,,R,,
573.1922,EKP,,S,S,R,S,,R,R,R,R,R,S,S,,,,,R,R,,,,R,,,,,,,,,,,,,
72407.2229,EKP,S,,,R,,,,,,S,,,S,R,S,,,S,R,,,R,R,S,R,R,,,,,,,,,,
72407.2383,EKP,,S,,R,,S,R,,S,R,S,R,S,R,S,,,S,R,,,R,R,S,R,R,,,,,,,,,,
573.66571,EKP,,,,,,,,,R,R,,,,R,R,R,R,R,,,,,,,,,,,,,,,,,,
573.66386,EKP,,,,R,R,,,R,,R,,,,R,R,R,R,R,,,,,,,,,,,,,,,,,,
72407.2847,EKP,S,,,R,,R,,,,R,R,,S,R,R,,,R,S,,,R,R,S,R,R,,,,,,,,,,
573.22567,EKP,,,R,,,,R,,,S,,,S,R,,,,S,,,,,,,,,,,,,,,,,,
573.24408,EKP,S,,,,S,R,,,,R,,R,S,R,,R,R,R,R,,,,R,S,,,,,,R,,,,,,
573.4051,EKP,S,,S,,,,,,,S,R,,,,R,,S,S,R,,,,,,,,,,,,,,,,,
573.20064,EKP,,,,R,S,,,,,,,,R,R,,R,R,R,R,,,,R,R,R,,,,,R,,,,,,
573.29998,EKP,R,R,,,,,R,R,,,,,S,,,,,,R,,S,,,,,,,,,,,,,,,
573.24442,EKP,S,S,S,R,S,,,,R,,,R,S,R,,R,R,R,R,,,,R,S,,,,,,R,,,,,,
72407.2197,EKP,,S,,,,S,R,,R,,,S,S,R,S,,,R,R,,,R,R,S,R,R,,,,,,,,,,
72407.2666,EKP,,,S,R,S,,R,,R,R,,,S,R,S,,,R,R,,,R,R,S,R,R,,,,,,,,,,
573.24366,EKP,R,R,,,,R,,R,R,R,,,S,R,,R,R,R,R,,,,R,R,,,,,,R,,,,,,
573.5765,EKP,R,R,S,R,S,,R,,R,R,R,R,S,R,,R,,R,,,,,,,R,,,,R,R,,,,,,
573.66531,EKP,,,R,R,R,,,,,,,,,R,R,R,R,R,,,,,,,,,,,,,,,,,,
72407.2607,EKP,,S,S,R,S,S,R,,R,,,,S,R,S,,,R,R,,,R,R,S,R,R,,,,,,,,,,
573.4185,EKP,S,,,,,,,,,R,,,,R,R,,R,R,R,,,,,,,,,,,,,,,,,
72407.2525,EKP,,S,,R,,,R,,,R,,R,S,R,R,,,R,R,,,R,R,S,R,R,,,,,,,,,,
72407.242,EKP,S,S,R,,S,,R,R,,R,S,R,S,R,S,,,R,S,,,R,R,S,R,R,,,,,,,,R,,
1328399.3,EKP,,,S,,R,,R,,,R,R,R,,,,,,R,,,,,,,R,,,,,R,,,,,,
72407.2245,EKP,S,,R,,,,,,,R,S,,S,R,S,,,R,R,,,R,R,S,R,R,,,,,,,,,,
72407.2749,EKP,,S,,R,,S,R,,R,R,,R,S,R,S,,,R,R,,,R,R,S,R,R,,,,,,,,,,
573.7083,EKP,S,,S,,,,,,,R,R,,,S,R,,R,S,R,,,,,,,,,,,,,,,,,
573.66482,EKP,,S,,,,,,R,,R,,,,R,R,R,R,R,,,,,,,,,,,,,,,,,,
1284818.4,EKP,S,S,R,R,S,R,R,S,R,R,R,R,R,R,,,,R,R,,,,,S,,,,,,,,,,R,,
72407.2415,EKP,S,S,S,R,,,,,,,S,,S,R,S,,,R,R,,,R,R,S,R,R,,,,,,,,,,
573.66244,EKP,,,,,R,,,R,R,,,,,R,R,R,R,R,,,,,,,,,,,,,,,,,,
573.7051,EKP,S,,S,,,,,,,S,R,,,S,R,,S,S,R,,,,,,,,,,,,,,,,,
72407.247,EKP,,R,,,,,,R,R,R,,,R,R,,,,R,R,,,,,S,,,,,,,,,,R,,
72407.2722,EKP,S,,,S,S,S,,,,,,R,S,R,R,,,R,R,,,R,R,S,R,R,,,,,,,,,,
573.65966,EKP,S,S,S,R,S,,R,,,,,S,S,R,S,,,S,R,,,R,R,S,R,R,,,,,,,,,,
573.29903,EKP,R,,,,R,,R,R,,,,,R,,,,,,R,,S,,,,,,,,,,,,,,,
573.66424,EKP,,S,S,,R,,,,,,,,,R,R,R,R,R,,,,,,,,,,,,,,,,,,
72407.2359,EKP,S,S,R,,S,,R,,,,,R,S,R,S,,,S,R,,,R,R,S,R,R,,,,,,,,,,
573.46338,EKP,R,,,R,R,,,,,,,,,R,,,,R,R,,,,R,,,R,,,,,,,,,,
573.24346,EKP,,,,R,S,,,R,,,,R,S,R,,R,R,R,R,,,,R,R,,,,,,R,,,,,,
573.4124,EKP,S,,,,,,,,,R,R,,,R,R,,R,R,S,,,,,,,,,,,,,,,,,
573.66546,EKP,,S,,R,,,,R,,R,,,,R,R,R,R,R,,,,,,,,,,,,,,,,,,
573.66562,EKP,,,,R,,,,S,,R,,,,R,R,R,R,R,,,,,,,,,,,,,,,,,,
72407.2846,EKP,S,,,,,R,R,,,R,S,,S,R,S,,,R,R,,,R,R,S,R,R,,,,,,,,,,
574.68,EKP,,,S,,,,,,,R,,S,S,R,S,,,S,R,,,R,R,S,R,R,,,,,,,,,,
573.4209,EKP,S,,,,,,,,,,,,,R,R,,R,R,R,,,,,,,,,,,,,,,,,
573.24359,EKP,R,,,R,S,,,R,,,R,R,S,R,,R,R,R,R,,,,R,R,,,,,,R,,,,,,
573.5767,EKP,R,R,S,R,R,,R,,R,R,R,R,R,R,,R,,R,,,,,,,R,,,,R,R,,,,,,
573.29928,EKP,R,R,,,R,,R,R,,R,,,S,,,,,,R,,S,,,,,,,,,,,,,,,
573.66246,EKP,,R,,R,,,,,R,R,,,,R,R,R,R,R,,,,,,,,,,,,,,,,,,
573.66245,EKP,,,S,,,,,R,,,,,,R,R,R,R,R,,,,,,,,,,,,,,,,,,
573.4107,EKP,S,,,,,,,,,R,S,,,S,R,,R,S,S,,,,,,,,,,,,,,,,,
573.66548,EKP,,,,R,,,,R,R,,,,,R,R,R,R,R,,,,,,,,,,,,,,,,,,
573.4121,EKP,S,,,,,,,,,,R,,,R,R,,R,R,S,,,,,,,,,,,,,,,,,
72407.2806,EKP,S,,,R,S,R,,,,,S,,S,R,R,,,R,R,,,R,R,S,R,R,,,,,,,,,,
573.66536,EKP,,,,R,R,,,,,,,,,R,R,R,R,R,,,,,,,,,,,,,,,,,,
1400164.3,EKP,,S,R,R,S,,R,,,R,R,R,,,,,,R,R,,,,R,,R,,,,,R,,,,,,
573.15043,EKP,R,R,,R,,R,R,,,R,,R,S,R,,R,R,R,R,,,,R,R,R,,,,,R,,,,,,
573.4181,EKP,S,,R,,,,,,,R,R,,,R,R,,R,R,R,,,,,,,,,,,,,,,,,
72407.175,EKP,,R,R,,,R,,R,R,,R,,S,R,,,,R,R,,,,,S,,,,,,,,,,R,,
573.24437,EKP,R,R,,R,,R,,R,R,R,R,R,S,R,,R,R,R,R,,,,R,R,,,,,,R,,,,,,
573.4165,EKP,S,,R,,,,,,,R,R,,,R,R,,R,R,S,,,,,,,,,,,,,,,,,
573.66042,EKP,,,,,S,,R,,R,R,R,,S,R,S,,,R,R,,,R,R,S,R,R,,,,,,,,,,
574.11,EKP,S,,R,R,S,,R,,,,,,S,R,S,,,S,R,,,R,R,S,R,R,,,,,,,,,,
573.66299,EKP,,S,S,,,,,,R,R,,,,R,R,R,R,R,,,,,,,,,,,,,,,,,,
573.7066,EKP,S,,R,,,,,,,R,S,,,R,R,,S,R,R,,,,,,,,,,,,,,,,,
573.5638,EKP,R,S,,R,R,,R,,R,R,,R,R,R,,R,,R,R,,,,,,R,,,,R,R,,,,,,
72407.2545,EKP,,,S,R,,,,,R,,S,,S,R,R,,,S,R,,,R,R,S,R,R,,,,,,,,,,
573.65948,EKP,S,S,S,R,,S,R,,R,R,S,S,S,R,S,,,R,R,,,R,R,S,R,R,,,,,,,,,,
573.7218,EKP,,S,S,R,S,,R,R,R,R,R,S,S,,,,,R,R,,,,R,,,,,,,,,,,,,
573.24406,EKP,R,R,R,,,R,R,R,R,R,,,S,R,,R,R,R,R,,,,R,R,,,,,,R,,,,,,
573.65912,EKP,S,,,S,,S,R,,S,,,,S,R,S,,,S,R,,,R,R,S,R,R,,,,,,,,,,
573.24428,EKP,R,,,,S,,,R,,R,,,S,R,,R,R,R,R,,,,R,R,,,,,,R,,,,,,
573.24449,EKP,,S,R,,,S,R,R,,,,,S,R,,R,R,R,S,,,,R,R,,,,,,R,,,,,,
573.9724,EKP,R,R,R,R,S,R,R,R,R,R,R,R,S,R,,R,R,R,R,,,,R,R,R,,,,,R,,,,,,
573.66061,EKP,S,,S,,S,,,,,,,R,S,R,S,,,R,R,,,R,R,S,R,R,,,,,,,,,,
72407.2816,EKP,S,S,R,,,,R,,,,S,R,S,R,S,,,S,R,,,R,R,S,R,S,,,,,,,,,,
573.4095,EKP,S,,S,,,,,,,S,R,,,S,R,,S,S,R,,,,,,,,,,,,,,,,,
573.4173,EKP,S,,R,,,,,,,R,R,,,R,R,,R,R,R,,,,,,,,,,,,,,,,,
573.66435,EKP,,,R,R,R,,,R,,,,,,R,R,R,R,R,,,,,,,,,,,,,,,,,,
573.4158,EKP,S,,R,,,,,,,R,S,,,R,R,,S,R,R,,,,,,,,,,,,,,,,,
573.31599,EKP,R,R,R,R,,,,R,,R,R,,R,R,,R,R,R,R,,,,,,,,,,,,,,,,,
573.46845,EKP,,R,R,R,R,R,R,R,S,R,R,,S,,,,R,R,S,,R,,R,,,,,R,,,,,S,,,
574.7,EKP,,,,,S,,,,,R,,,S,R,S,,,R,R,,,R,R,S,R,R,,,,,,,,,,
573.65939,EKP,,S,S,R,S,S,,,,,S,,S,R,S,,,S,R,,,R,R,S,R,R,,,,,,,,,,
72407.2591,EKP,S,,R,R,S,S,,,R,,S,,S,R,S,,,R,R,,,R,R,S,R,R,,,,,,,,,,
573.24401,EKP,R,R,,,,R,,,R,,,R,S,R,,R,R,R,R,,,,R,R,,,,,,R,,,,,,
573.24335,EKP,R,,R,R,S,R,R,R,R,R,,,S,R,,R,R,R,R,,,,R,R,,,,,,R,,,,,,
573.66279,EKP,,S,S,,,,,,,R,,,,R,R,R,R,R,,,,,,,,,,,,,,,,,,
574.116,EKP,S,S,,,S,,,,R,,S,,S,R,S,,,R,S,,,R,R,S,R,R,,,,,,,,,,
573.66432,EKP,,R,R,,,,,R,R,,,,,R,R,R,R,R,,,,,,,,,,,,,,,,,,
573.7052,EKP,S,,R,,,,,,,R,R,,,R,R,,R,R,R,,,,,,,,,,,,,,,,,
1284831.3,EKP,S,S,R,S,S,R,R,R,R,R,R,R,S,R,,,,R,R,,,,,S,,,,,,,,,,R,,
574.96,EKP,S,S,,R,,,,,,,,,S,R,S,,,R,R,,,R,R,S,R,S,,,,,,,,,,
573.66323,EKP,,R,S,,,,,,,R,,,,R,R,R,R,R,,,,,,,,,,,,,,,,,,
573.67352,EKP,,,,,S,R,,R,,,R,,,,,,,,,,S,,,,,,S,R,,,,,,,,
1304917.4,EKP,R,S,R,R,S,R,S,R,R,R,R,R,S,R,,,,R,R,,,,,S,,,,,,,,,,R,,
573.52167,EKP,,,,,S,,,R,,,R,,S,R,,R,R,R,R,,,,R,R,R,,,,,R,,,,,,
72407.165,EKP,,R,,R,,,,R,,,R,,S,R,,,,R,S,,,,,S,,,,,,,,,,R,,
72407.2866,EKP,,,,,,S,R,,R,,R,,S,R,R,,,R,R,,,R,R,S,R,R,,,,,,,,,,
573.4104,EKP,S,,R,,,,,,,R,S,,,R,R,,R,R,R,,,,,,,,,,,,,,,,,
573.65913,EKP,,S,S,,S,S,R,,S,S,,S,S,S,S,,,S,S,,,S,S,S,R,R,,,,,,,,,,
72407.267,EKP,R,S,,R,S,R,R,R,,S,S,,S,R,S,,,R,S,,,R,R,S,R,R,,,,,,,,R,,
72407.2523,EKP,S,S,S,R,,,,,R,S,,,S,R,S,,,S,R,,,R,R,S,R,R,,,,,,,,,,
573.29896,EKP,,,S,,,,R,R,,,,,S,,,,,,R,,S,,,,,,,,,,,,,,,
72407.252,EKP,R,S,,R,S,,R,,S,,,R,R,R,R,,,R,R,,,R,R,S,R,R,,,,,,,,R,,
573.24419,EKP,S,S,R,R,,,,R,R,,,,S,R,,R,R,R,R,,,,R,S,,,,,,R,,,,,,
72407.2668,EKP,,,,,,S,R,,S,,S,,S,S,S,,,S,R,,,S,S,S,S,R,,,,,,,,,,
72407.2582,EKP,,,S,,,R,R,,,,,,S,R,S,,,R,R,,,R,R,S,R,R,,,,,,,,,,
573.46848,EKP,,R,,,,R,,R,S,R,,,S,,,,R,R,S,,R,,R,,,,,R,,,,,S,,,
72407.2407,EKP,,,S,S,,,R,,S,R,S,S,S,R,S,,,S,R,,,R,R,S,R,R,,,,,,,,,,
72407.2436,EKP,,S,,R,S,,,,R,,R,S,S,R,R,,,R,R,,,R,R,S,R,R,,,,,,,,,,
72407.2394,EKP,S,,,S,,,,,,R,S,S,S,R,S,,,S,S,,,R,R,S,R,R,,,,,,,,,,
573.4079,EKP,S,,R,,,,,,,R,R,,,S,S,,R,S,R,,,,,,,,,,,,,,,,,
573.30008,EKP,,R,,,R,,R,,,,,,R,,,,,,R,,S,,,,,,,,,,,,,,,
573.29927,EKP,,,S,,,,R,R,,S,,,S,,,,,,S,,S,,,,,,,,,,,,,,,
1284820.3,EKP,S,S,R,R,S,R,R,R,R,R,R,R,S,R,,,,R,R,,,,,S,,,,,,,,,,R,,
573.7077,EKP,S,,R,,,,,,,R,R,,,R,R,,R,R,R,,,,,,,,,,,,,,,,,
573.24332,EKP,,,S,,S,R,,R,,,,R,S,R,,R,R,R,S,,,,R,S,,,,,,R,,,,,,
573.29961,EKP,,,,,R,,R,R,,,,,R,,,,,,S,,S,,,,,,,,,,,,,,,
573.7031,EKP,R,R,R,R,S,R,R,R,R,R,R,R,R,R,,R,R,R,R,,,,R,R,R,,,,,R,,,,,,
573.66317,EKP,,R,R,R,,,,,,R,,,,R,R,R,R,R,,,,,,,,,,,,,,,,,,
573.66553,EKP,,,,R,R,,,R,,,,,,R,R,R,R,R,,,,,,,,,,,,,,,,,,
573.66005,EKP,S,,,R,,R,R,,R,,S,R,S,R,S,,,R,R,,,R,R,S,R,R,,,,,,,,,,
573.66354,EKP,,R,R,,,,,,,,,,,R,R,R,R,R,,,,,,,,,,,,,,,,,,
72407.2217,EKP,S,S,S,R,,,R,,R,S,,S,S,R,S,,,S,R,,,R,R,S,R,R,,,,,,,,,,
573.65938,EKP,S,S,S,,,S,R,,S,,S,S,S,R,S,,,S,S,,,R,R,S,S,S,,,,,,,,,,
72407.2857,EKP,S,S,S,,,,,,,R,S,R,S,R,R,,,R,R,,,R,R,S,R,R,,,,,,,,,,
573.66489,EKP,,,R,,R,,,R,,,,,,R,R,R,R,R,,,,,,,,,,,,,,,,,,
573.29868,EKP,R,R,R,,R,,R,R,,,,,S,,,,,,S,,S,,,,,,,,,,,,,,,
573.24454,EKP,,,,,S,,,R,,R,,,S,R,,R,R,R,R,,,,R,R,,,,,,R,,,,,,
72407.2444,EKP,,S,R,S,,,,,,R,,,S,R,R,,,R,R,,,R,R,S,R,R,,,,,,,,,,
573.66023,EKP,S,S,S,,S,,R,,,S,,,S,R,S,,,S,S,,,R,R,S,S,R,,,,,,,,,,
72407.153,EKP,R,R,R,R,S,R,R,R,R,R,R,R,R,R,,,,R,R,,,,,S,,,,,,,,,,R,,
573.4087,EKP,S,,S,,,,,,,S,R,,,S,R,,S,S,R,,,,,,,,,,,,,,,,,
573.29937,EKP,,S,R,,R,,R,,,R,,,R,,,,,,S,,S,,,,,,,,,,,,,,,
72407.2836,EKP,S,,R,R,S,S,,,,,,,S,R,S,,,R,S,,,R,R,S,R,R,,,,,,,,,,
72407.2577,EKP,,,S,R,,S,R,,,,,,S,R,S,,,R,R,,,R,R,S,S,R,,,,,,,,,,
72407.2378,EKP,S,S,,,,,R,,S,,S,,S,R,S,,,S,R,,,R,R,S,R,R,,,,,,,,,,
72407.2395,EKP,,,,R,,R,R,,R,R,,S,S,R,S,,,R,R,,,R,R,S,R,R,,,,,,,,,,
573.4187,EKP,,,,,,,,,,R,,,,R,R,,R,R,R,,,,,,,,,,,,,,,,,
72407.148,EKP,S,R,R,R,S,R,R,S,R,R,R,R,S,R,,,,R,R,,,,,S,,,,,,,,,,R,,
573.46376,EKP,,R,,R,,,,,,R,,,,R,,,,R,S,,,,R,,,R,,,,,,,,,,
573.66247,EKP,,R,R,,,,,R,,,,,,R,R,R,R,R,,,,,,,,,,,,,,,,,,
72407.2276,EKP,S,S,,R,,,R,,S,S,,S,S,R,S,,,S,R,,,R,R,S,R,R,,,,,,,,,,
72407.2204,EKP,S,S,,,,S,R,,,R,S,,S,R,S,,,R,R,,,R,R,S,R,R,,,,,,,,,,
72407.2647,EKP,S,S,S,R,S,S,,,,,,,S,R,R,,,R,R,,,R,R,S,R,R,,,,,,,,,,
573.4066,EKP,S,,S,,,,,,,R,R,,,R,R,,S,R,S,,,,,,,,,,,,,,,,,
573.66351,EKP,,R,S,R,R,,,,R,R,,,,R,R,R,R,R,,,,,,,,,,,,,,,,,,
573.29934,EKP,R,R,,,R,,,,,R,,,R,,,,,,R,,S,,,,,,,,,,,,,,,
72407.2859,EKP,S,,,R,S,,R,,R,R,,,S,R,R,,,R,R,,,R,R,S,R,R,,,,,,,,,,
573.30006,EKP,R,,S,,R,,R,R,,R,,,S,,,,,,R,,S,,,,,,,,,,,,,,,
573.29975,EKP,,S,S,,R,,R,,,R,,,S,,,,,,S,,S,,,,,,,,,,,,,,,
72407.2747,EKP,,,,R,,,R,,R,,,R,S,R,R,,,R,R,,,R,R,S,R,R,,,,,,,,,,
72407.2513,EKP,S,,,R,,S,,,R,,S,,S,R,S,,,R,R,,,R,R,S,R,R,,,,,,,,,,
573.7085,EKP,S,,S,,,,,,,R,R,,,S,S,,R,S,R,,,,,,,,,,,,,,,,,
72407.2361,EKP,S,S,S,R,S,S,,,,,,S,S,R,S,,,R,R,,,R,R,S,R,R,,,,,,,,,,
573.17914,EKP,R,,,R,S,R,,,,,R,,S,R,,R,,R,R,,S,,R,R,R,,,R,,R,,,,,,
573.4061,EKP,S,,R,,,,,,,R,R,,,R,R,,R,R,R,,,,,,,,,,,,,,,,,
573.66262,EKP,,R,,R,,,,R,R,,,,,R,R,R,R,R,,,,,,,,,,,,,,,,,,
72407.2641,EKP,,S,R,,S,,R,,,,R,R,S,R,R,,,R,R,,,R,R,S,R,R,,,,,,,,,,
573.31616,EKP,R,,,R,R,,,,,R,,,R,R,,,R,R,R,,,,,,,,,,,,,,,,,
573.7039,EKP,S,,R,,,,,,,R,S,,,R,R,,R,R,S,,,,,,,,,,,,,,,,,
72407.2502,EKP,,S,,,S,,R,,R,,S,R,S,R,S,,,R,R,,,R,R,S,R,R,,,,,,,,,,
72407.2574,EKP,S,,,,S,,,,,,,,S,R,S,,,R,R,,,R,R,S,R,R,,,,,,,,,,
