Sample_ID_IfH,Organism_Code,tobramycin,nitrofurantoin,cefuroxime,ciprofloxacin,cefazolin,ceftazidime,ampicillin-sulbactam,ceftriaxone,levofloxacin,aztreonam,piperacillin-tazobactam,gentamicin,Imipenem,meropenem,amikacin,cefepime,trimethoprim-sulfamethoxazole,ampicillin,amoxicillin-clavulanic acid,ertapenem,cefotaxime,tigecycline,fosfomycin,norfloxacin,ticarcillin-clavulanic acid,trimethoprim,colistin
573.14534,EKP,S,,R,R,R,R,R,R,R,R,S,S,S,S,S,R,R,R,,,,,,,,,
573.14091,EKP,R,,R,R,R,R,R,R,R,R,R,S,R,S,R,,R,R,,,,,,,,,
573.14404,EKP,R,,R,R,R,R,R,R,R,S,R,R,S,S,S,R,S,R,,,,,,,,,
573.13584,EKP,R,,R,R,R,R,R,R,R,R,R,R,S,S,R,R,R,R,,,,,,,,,
573.13921,EKP,R,,R,R,R,R,R,R,R,R,R,S,S,S,R,R,R,R,,,,,,,,,
573.13183,EKP,R,,R,R,R,R,R,R,R,R,R,R,S,S,S,R,R,R,,,,,,,,,
573.14044,EKP,S,,R,R,R,R,R,R,R,R,R,R,S,S,S,R,R,R,,,,,,,,,
573.13723,EKP,S,,R,R,R,R,R,R,R,R,S,S,S,S,S,R,R,R,,,,,,,,,
573.14287,EKP,S,,R,R,R,R,R,R,R,R,R,R,S,S,S,S,R,R,,,,,,,,,
573.13082,EKP,R,,R,R,R,R,R,R,R,R,R,R,S,S,S,S,R,R,,,,,,,,,
573.13583,EKP,S,,R,R,R,R,R,R,R,R,R,S,S,S,S,R,R,R,,,,,,,,,
573.14473,EKP,R,,R,R,R,R,R,R,R,R,R,R,S,S,S,R,R,R,,,,,,,,,
573.14527,EKP,R,,R,R,R,R,R,R,S,R,R,R,S,S,S,R,R,R,,,,,,,,,
573.13262,EKP,R,,R,R,R,R,R,R,R,R,R,R,S,S,S,,S,R,,,,,,,,,
573.14435,EKP,S,,R,R,R,R,R,R,S,R,R,R,S,S,S,R,R,R,,,,,,,,,
573.13531,EKP,R,,R,R,R,R,R,R,R,R,R,R,R,S,R,R,R,R,,,,,,,,,
573.14005,EKP,S,,R,R,R,R,R,R,R,R,R,S,R,S,S,S,R,R,,,,,,,,,
573.13105,EKP,R,,R,R,R,R,R,R,R,R,R,S,R,S,R,R,R,R,,,,,,,,,
573.12962,EKP,S,,S,S,R,S,S,S,S,S,S,S,S,S,S,S,S,R,,,,,,,,,
573.13882,EKP,R,,R,R,R,R,R,R,S,R,R,S,S,S,S,R,R,R,,,,,,,,,
573.13111,EKP,R,,R,R,R,R,R,R,R,R,R,R,S,S,S,S,R,R,,,,,,,,,
573.13242,EKP,R,,R,R,R,R,R,R,R,R,R,R,S,S,S,S,S,R,,,,,,,,,
573.14207,EKP,S,,R,R,R,R,R,R,R,R,R,R,S,S,S,S,R,R,,,,,,,,,
573.13698,EKP,R,,R,R,R,R,R,R,R,R,R,S,S,S,S,S,R,R,,,,,,,,,
573.13747,EKP,R,,R,R,R,R,R,R,R,S,R,R,S,S,S,S,R,R,,,,,,,,,
573.13944,EKP,S,,R,R,R,R,R,R,R,R,R,S,S,S,S,S,R,R,,,,,,,,,
573.14027,EKP,S,,R,R,R,R,R,R,S,R,S,S,S,S,S,R,R,R,,,,,,,,,
573.14013,EKP,S,,R,S,R,S,R,S,S,S,R,S,S,S,S,S,S,R,,,,,,,,,
573.13918,EKP,R,,R,R,R,R,R,R,R,R,R,R,R,S,S,R,R,R,,,,,,,,,
573.13772,EKP,R,,R,R,R,R,R,R,R,R,R,S,S,S,S,R,R,R,,,,,,,,,
573.14272,EKP,R,,R,R,S,S,R,S,R,S,R,R,S,S,S,S,R,R,,,,,,,,,
573.13302,EKP,R,,R,R,R,R,R,R,R,R,R,R,S,S,S,S,R,R,,,,,,,,,
573.13706,EKP,R,,R,R,R,R,R,R,R,R,R,R,S,S,R,R,R,R,,,,,,,,,
573.13447,EKP,S,,R,R,R,R,R,R,R,R,R,S,S,S,S,,R,R,,,,,,,,,
573.14464,EKP,R,,R,R,R,R,R,R,R,R,R,R,S,S,S,R,R,R,,,,,,,,,
573.14164,EKP,R,,R,R,R,R,R,R,R,R,R,R,S,S,S,R,R,R,,,,,,,,,
573.1369,EKP,R,,R,R,R,R,R,R,R,R,R,R,S,S,R,S,R,R,,,,,,,,,
573.14151,EKP,R,,R,R,R,R,R,R,R,S,R,S,S,S,S,R,R,R,,,,,,,,,
573.1401,EKP,S,,R,R,R,R,R,R,R,R,R,R,S,S,S,R,R,R,,,,,,,,,
573.14121,EKP,S,,R,R,R,R,R,R,R,R,R,S,S,S,S,R,S,R,,,,,,,,,
573.13914,EKP,S,,R,R,R,R,R,R,R,R,S,S,S,S,S,R,R,R,,,,,,,,,
573.14289,EKP,R,,R,R,R,R,R,R,R,R,R,S,S,S,R,S,R,R,,,,,,,,,
573.14355,EKP,R,,R,R,R,R,R,R,R,R,R,R,S,S,S,S,R,R,,,,,,,,,
573.14406,EKP,S,,R,R,R,R,R,R,R,R,R,S,R,S,S,S,R,R,,,,,,,,,
573.14228,EKP,R,,R,R,R,R,R,R,R,R,R,S,R,S,R,R,R,R,,,,,,,,,
573.13309,EKP,R,,R,R,R,R,R,R,R,R,S,S,S,S,S,R,R,R,,,,,,,,,
573.13795,EKP,R,,R,R,R,R,R,R,R,R,R,R,S,S,S,R,R,R,,,,,,,,,
573.13669,EKP,R,,R,R,R,R,R,R,S,R,R,R,S,S,S,R,R,R,,,,,,,,,
573.13017,EKP,S,,,S,R,R,R,R,S,R,S,S,S,S,S,R,R,R,,,,,,,,,
573.13129,EKP,S,,R,R,R,R,R,R,S,R,S,S,S,S,S,S,R,R,,,,,,,,,
573.14417,EKP,R,,R,R,R,R,R,R,R,R,R,R,R,S,R,R,R,R,,,,,,,,,
573.13667,EKP,R,,R,R,R,R,R,R,R,R,R,S,S,S,S,R,R,R,,,,,,,,,
573.13506,EKP,R,,R,R,R,R,R,R,R,R,R,S,S,S,S,R,R,R,,,,,,,,,
573.13724,EKP,S,,R,R,R,R,R,R,R,S,S,S,S,S,S,R,R,R,,,,,,,,,
573.13413,EKP,S,,R,R,R,R,R,R,R,R,R,R,S,S,S,R,R,R,,,,,,,,,
573.13674,EKP,R,,R,R,R,R,R,R,R,R,R,R,S,S,S,R,R,R,,,,,,,,,
573.13354,EKP,S,,R,R,R,R,R,R,R,S,R,S,S,S,S,S,S,R,,,,,,,,,
573.14408,EKP,R,,R,R,R,R,R,R,S,R,R,R,S,S,S,R,R,R,,,,,,,,,
573.13878,EKP,R,,R,R,R,R,R,R,R,R,R,R,S,S,R,S,R,R,,,,,,,,,
573.13215,EKP,R,,R,R,R,R,R,R,R,R,R,R,R,S,S,R,R,R,,,,,,,,,
573.14096,EKP,S,,R,R,R,R,R,R,R,R,R,R,S,S,S,S,R,R,,,,,,,,,
573.13151,EKP,R,,R,R,R,R,R,R,R,R,R,R,S,S,R,S,R,R,,,,,,,,,
573.13545,EKP,R,,R,R,R,R,R,R,S,R,R,R,S,S,S,,R,R,,,,,,,,,
573.14007,EKP,S,,R,R,R,R,R,R,R,R,R,S,S,S,S,R,S,R,,,,,,,,,
573.13761,EKP,R,,R,R,R,R,R,R,R,R,R,R,S,S,S,S,R,R,,,,,,,,,
573.13617,EKP,R,,R,R,R,R,R,R,R,R,R,S,R,S,R,S,S,R,,,,,,,,,
573.14536,EKP,R,,R,R,R,R,R,R,R,R,R,R,S,S,R,R,S,R,,,,,,,,,
573.1424,EKP,R,,R,R,R,R,R,R,R,R,R,R,R,S,R,R,R,R,,,,,,,,,
573.14028,EKP,R,,R,R,R,R,R,R,R,R,R,S,S,S,S,S,R,R,,,,,,,,,
573.13855,EKP,R,,R,R,R,R,R,R,R,,R,R,R,S,S,S,R,R,,,,,,,,,
573.14278,EKP,R,,R,R,R,R,R,R,R,R,R,R,S,S,S,R,R,R,,,,,,,,,
573.13973,EKP,R,,R,R,R,R,R,R,R,R,R,R,R,S,S,R,R,R,,,,,,,,,
573.13288,EKP,R,,R,R,R,R,R,R,R,R,R,S,R,S,R,R,R,R,,,,,,,,,
573.14024,EKP,S,,R,R,R,R,R,R,R,R,R,S,S,S,S,R,R,R,,,,,,,,,
573.13997,EKP,R,,R,R,R,R,R,R,R,R,R,S,R,S,R,R,R,R,,,,,,,,,
573.13728,EKP,R,,R,R,R,R,R,R,R,R,R,S,S,S,S,R,R,R,,,,,,,,,
573.13591,EKP,S,,R,S,R,R,R,R,S,R,R,S,S,S,S,R,R,R,,,,,,,,,
573.13593,EKP,R,,R,R,R,R,R,R,R,R,R,S,R,S,S,R,R,R,,,,,,,,,
573.13495,EKP,R,,R,R,R,R,R,R,R,R,R,R,S,S,R,S,R,R,,,,,,,,,
573.13991,EKP,R,,R,R,R,R,R,R,R,R,R,R,R,S,R,R,R,R,,,,,,,,,
573.13915,EKP,R,,R,R,R,R,R,R,R,R,R,S,S,S,R,S,R,R,,,,,,,,,
573.13978,EKP,R,,R,R,R,R,R,R,R,R,R,S,R,S,R,R,R,R,,,,,,,,,
573.13548,EKP,S,,R,R,R,R,R,R,R,R,R,R,R,S,S,S,R,R,,,,,,,,,
573.13965,EKP,S,,R,R,R,R,R,R,R,R,R,S,R,S,S,R,R,R,,,,,,,,,
573.13816,EKP,R,,R,R,R,R,R,R,R,R,R,R,R,S,S,R,R,R,,,,,,,,,
573.13453,EKP,R,,R,R,R,R,R,R,R,R,R,S,S,S,R,R,R,R,,,,,,,,,
573.14089,EKP,R,,R,R,R,R,R,R,R,R,R,R,S,S,S,S,R,R,,,,,,,,,
573.13328,EKP,S,,R,R,R,R,R,R,R,R,R,R,S,S,S,S,R,R,,,,,,,,,
573.12872,EKP,S,,S,S,S,S,S,S,S,S,S,S,S,S,S,S,S,R,,,,,,,,,
573.13206,EKP,R,,R,R,R,R,R,R,R,R,R,R,S,S,R,R,R,R,,,,,,,,,
573.1359,EKP,R,,R,R,R,R,R,R,R,R,R,R,S,S,S,,R,R,,,,,,,,,
573.14133,EKP,R,,R,R,R,R,R,R,R,R,R,R,R,S,S,S,R,R,,,,,,,,,
573.14282,EKP,R,,R,R,R,R,R,R,R,R,R,S,S,S,R,S,R,R,,,,,,,,,
573.13164,EKP,R,,R,R,R,R,R,R,R,R,R,R,R,S,S,S,R,R,,,,,,,,,
573.1454,EKP,R,,R,R,R,R,R,R,R,R,R,S,R,S,R,S,R,R,,,,,,,,,
573.13693,EKP,S,,R,R,R,R,R,R,R,S,R,R,R,S,S,S,R,R,,,,,,,,,
573.13566,EKP,R,,R,R,R,R,R,R,R,R,R,R,R,S,S,R,S,R,,,,,,,,,
573.13074,EKP,R,,R,S,R,R,R,R,S,R,R,R,S,S,S,R,R,R,,,,,,,,,
573.1399,EKP,R,,R,R,R,R,R,R,R,R,R,R,R,S,S,S,R,R,,,,,,,,,
573.12916,EKP,R,,,R,R,R,R,S,R,R,R,R,S,S,S,S,R,R,,,,,,,,,
573.13589,EKP,R,,R,R,R,R,R,R,S,R,R,R,S,S,R,R,R,R,,,,,,,,,
573.14115,EKP,R,,R,R,R,R,R,R,R,R,R,R,R,S,R,R,R,R,,,,,,,,,
573.14491,EKP,R,,R,R,R,R,R,R,R,R,R,S,S,S,R,R,R,R,,,,,,,,,
573.14353,EKP,R,,R,R,R,R,R,R,R,R,R,R,R,S,R,R,R,R,,,,,,,,,
573.13351,EKP,R,,R,R,R,R,R,R,R,R,R,S,S,S,R,R,R,R,,,,,,,,,
573.13299,EKP,S,,R,R,R,R,R,R,R,R,R,R,S,S,S,S,R,R,,,,,,,,,
573.14251,EKP,R,,R,R,R,R,R,R,R,R,R,S,R,S,R,R,R,R,,,,,,,,,
573.14006,EKP,R,,R,R,R,R,R,R,R,R,R,R,S,S,R,R,R,R,,,,,,,,,
573.14505,EKP,R,,R,R,R,R,R,R,S,R,R,S,S,S,S,R,R,R,,,,,,,,,
573.13958,EKP,S,,R,R,R,R,R,R,R,R,R,R,R,S,S,R,R,R,,,,,,,,,
573.12924,EKP,R,,,R,R,R,R,R,S,R,R,R,S,S,S,R,S,R,,,,,,,,,
573.13586,EKP,R,,R,R,R,R,R,R,R,R,R,R,S,S,S,R,R,R,,,,,,,,,
573.14328,EKP,S,,R,S,S,S,R,S,S,S,R,S,S,S,S,S,R,R,,,,,,,,,
573.13429,EKP,R,,R,R,R,R,R,R,R,R,R,R,R,S,R,R,R,R,,,,,,,,,
573.13718,EKP,R,,R,R,R,R,R,R,R,S,R,R,S,S,S,R,S,R,,,,,,,,,
573.13649,EKP,S,,R,R,R,R,R,R,R,R,S,S,S,S,S,R,R,R,,,,,,,,,
573.14326,EKP,R,,R,R,R,R,R,R,R,R,R,S,S,S,S,,R,R,,,,,,,,,
573.13951,EKP,R,,R,R,R,R,R,R,R,R,R,S,R,S,R,R,R,R,,,,,,,,,
573.13326,EKP,R,,R,R,R,R,R,R,R,R,R,S,S,S,S,R,R,R,,,,,,,,,
573.13627,EKP,S,,S,S,R,R,S,R,S,R,S,S,S,S,S,S,S,R,,,,,,,,,
573.14083,EKP,S,,R,R,R,R,R,R,R,R,R,R,S,S,S,R,R,R,,,,,,,,,
573.13333,EKP,S,,R,R,R,R,R,R,R,R,R,S,S,S,S,S,R,R,,,,,,,,,
573.12922,EKP,S,,S,S,S,S,S,S,S,S,S,S,S,S,S,S,S,R,,,,,,,,,
573.13522,EKP,R,,R,R,R,R,R,R,R,R,R,R,R,S,S,S,R,R,,,,,,,,,
573.13173,EKP,R,,R,R,R,R,R,R,R,R,R,R,S,S,S,R,R,R,,,,,,,,,
573.14472,EKP,R,,R,R,R,R,R,R,R,R,R,R,R,S,S,R,R,R,,,,,,,,,
573.14544,EKP,R,,R,R,R,R,R,R,S,R,R,R,S,S,S,R,R,R,,,,,,,,,
573.14166,EKP,R,,R,R,R,R,R,R,R,R,R,R,S,S,S,S,R,R,,,,,,,,,
573.14059,EKP,S,,R,S,R,R,R,R,S,R,S,S,S,S,S,R,S,R,,,,,,,,,
573.13519,EKP,R,,R,R,R,R,R,R,R,R,R,R,S,S,S,S,R,R,,,,,,,,,
573.12889,EKP,S,,S,S,S,S,S,S,S,S,S,S,S,S,S,S,S,R,,,,,,,,,
573.13511,EKP,S,,S,S,R,R,R,S,S,S,R,S,S,S,S,S,S,R,,,,,,,,,
573.13159,EKP,R,,R,R,R,R,R,R,R,S,R,R,S,S,R,S,R,R,,,,,,,,,
573.14275,EKP,S,,R,R,R,R,R,R,R,R,R,S,S,S,S,R,R,R,,,,,,,,,
573.14195,EKP,S,,R,R,R,R,R,R,R,,R,S,S,S,S,S,R,R,,,,,,,,,
573.14345,EKP,R,,R,R,R,R,R,R,R,R,R,R,S,S,S,R,R,R,,,,,,,,,
573.13112,EKP,R,,R,R,R,R,R,R,R,R,R,S,S,S,S,S,R,R,,,,,,,,,
573.14391,EKP,R,,R,R,R,R,R,R,R,R,R,R,S,S,S,R,R,R,,,,,,,,,
573.13799,EKP,S,,R,R,R,R,R,R,R,R,R,R,R,S,S,R,R,R,,,,,,,,,
573.13285,EKP,R,,R,R,R,R,R,R,R,R,R,R,S,S,S,S,S,R,,,,,,,,,
573.13913,EKP,R,,R,R,R,R,R,R,R,R,R,R,R,S,S,R,S,R,,,,,,,,,
573.14362,EKP,S,,R,R,R,R,R,R,R,R,R,R,R,S,S,R,R,R,,,,,,,,,
573.14243,EKP,R,,R,R,R,R,R,R,R,R,R,S,R,S,R,R,R,R,,,,,,,,,
573.13212,EKP,R,,R,R,R,R,R,R,R,R,R,R,R,S,S,S,R,R,,,,,,,,,
573.12865,EKP,S,,S,S,S,S,S,S,S,S,S,S,S,S,S,S,S,R,,,,,,,,,
573.13955,EKP,R,,R,R,R,R,R,R,R,R,R,R,R,S,R,,S,R,,,,,,,,,
573.14387,EKP,S,,R,S,S,S,R,S,S,S,R,S,S,S,S,S,S,R,,,,,,,,,
573.14068,EKP,S,,R,R,R,R,R,R,R,R,R,R,S,S,S,S,R,R,,,,,,,,,
573.14074,EKP,S,,R,R,R,R,R,R,R,R,R,R,S,S,S,S,R,R,,,,,,,,,
573.13746,EKP,R,,R,R,R,R,R,R,R,R,R,S,R,S,S,,R,R,,,,,,,,,
573.13702,EKP,S,,R,R,R,R,R,R,R,R,R,S,S,S,S,R,R,R,,,,,,,,,
573.13052,EKP,R,,R,R,R,R,R,R,R,R,R,S,R,S,R,R,R,R,,,,,,,,,
573.14255,EKP,R,,R,R,R,R,R,R,R,R,R,R,R,S,R,R,R,R,,,,,,,,,
573.14149,EKP,R,,R,R,R,R,R,R,R,S,R,R,S,S,S,,R,R,,,,,,,,,
573.13334,EKP,S,,R,R,R,R,R,R,R,S,R,S,S,S,S,S,S,R,,,,,,,,,
573.1411,EKP,R,,R,R,R,R,R,R,R,R,R,R,S,S,R,R,R,R,,,,,,,,,
573.13099,EKP,R,,R,R,R,R,R,R,R,R,R,S,S,S,S,R,R,R,,,,,,,,,
573.13056,EKP,S,,R,R,R,S,R,R,R,S,R,R,S,S,S,S,S,R,,,,,,,,,
573.13898,EKP,R,,R,R,R,R,R,R,R,R,R,S,S,S,S,R,R,R,,,,,,,,,
573.13891,EKP,R,,R,R,R,R,S,R,S,S,S,R,S,S,S,S,R,R,,,,,,,,,
573.14439,EKP,R,,R,R,R,R,R,R,R,R,R,R,S,S,R,R,R,R,,,,,,,,,
573.13209,EKP,S,,R,R,R,R,R,R,R,R,R,S,S,S,S,R,R,R,,,,,,,,,
573.14474,EKP,S,,R,R,R,R,R,R,R,R,S,S,S,S,S,R,S,R,,,,,,,,,
573.14354,EKP,R,,R,R,R,R,R,R,R,R,R,R,R,S,R,R,R,R,,,,,,,,,
573.14139,EKP,R,,R,R,R,R,R,R,R,R,R,R,S,S,R,R,R,R,,,,,,,,,
573.14403,EKP,R,,R,R,R,R,R,R,R,S,R,S,S,S,R,S,R,R,,,,,,,,,
573.12955,EKP,S,,S,S,R,S,S,S,S,S,S,S,S,S,S,S,S,R,,,,,,,,,
573.13949,EKP,S,,R,R,R,R,R,R,R,R,S,S,S,S,S,R,R,R,,,,,,,,,
573.13321,EKP,R,,R,R,R,R,R,S,R,R,S,R,S,S,S,S,R,R,,,,,,,,,
573.13448,EKP,R,,R,R,R,R,R,R,R,R,R,S,R,S,R,R,S,R,,,,,,,,,
573.13035,EKP,R,,R,R,R,R,R,R,R,R,R,R,S,S,S,S,R,R,,,,,,,,,
573.14101,EKP,R,,R,R,R,R,R,R,S,R,S,R,S,S,S,R,R,R,,,,,,,,,
573.14331,EKP,R,,R,R,R,R,R,R,R,S,R,S,S,S,S,S,R,R,,,,,,,,,
573.14513,EKP,S,,R,R,R,R,R,R,R,R,R,S,R,S,S,S,R,R,,,,,,,,,
573.13537,EKP,R,,R,R,R,R,R,R,R,R,R,R,S,S,S,,S,R,,,,,,,,,
573.14163,EKP,S,,R,R,R,R,R,R,R,S,R,R,R,S,S,S,R,R,,,,,,,,,
573.1418,EKP,R,,R,R,R,R,R,R,R,R,R,R,S,S,R,,R,R,,,,,,,,,
573.14246,EKP,S,,R,R,R,R,R,R,R,R,R,R,R,S,S,R,R,R,,,,,,,,,
573.14156,EKP,S,,R,R,R,R,R,R,R,S,R,R,S,S,S,S,R,R,,,,,,,,,
573.13275,EKP,S,,R,R,R,R,R,R,S,R,S,S,S,S,S,R,R,R,,,,,,,,,
573.14457,EKP,S,,R,R,R,R,R,R,R,R,R,R,R,S,S,R,R,R,,,,,,,,,
573.13906,EKP,R,,R,R,R,R,R,R,R,R,R,R,S,S,S,S,R,R,,,,,,,,,
573.13681,EKP,R,,R,R,R,R,R,R,R,R,R,R,S,S,S,R,R,R,,,,,,,,,
573.12941,EKP,S,,S,S,S,S,S,S,S,S,S,S,S,S,S,S,S,R,,,,,,,,,
573.13346,EKP,S,,R,S,R,R,R,R,S,R,R,S,R,S,S,R,S,R,,,,,,,,,
573.13827,EKP,R,,R,R,R,R,R,R,R,R,R,R,S,S,S,R,R,R,,,,,,,,,
573.13638,EKP,R,,R,R,R,R,R,R,R,R,R,R,S,S,S,R,R,R,,,,,,,,,
573.1439,EKP,R,,R,R,R,R,R,R,R,R,R,S,R,S,R,R,R,R,,,,,,,,,
573.12897,EKP,R,,,R,R,R,R,R,R,R,R,S,S,S,S,R,R,R,,,,,,,,,
573.13521,EKP,R,,R,S,R,R,R,R,S,R,R,S,S,S,S,R,R,R,,,,,,,,,
573.13115,EKP,R,,R,R,R,R,R,R,S,R,S,R,S,S,S,R,R,R,,,,,,,,,
573.13489,EKP,S,,R,R,R,R,R,R,R,R,S,S,S,S,S,,S,R,,,,,,,,,
573.14514,EKP,R,,R,R,R,R,R,R,S,R,R,R,S,S,S,R,R,R,,,,,,,,,
573.13651,EKP,S,,R,S,R,R,R,R,S,R,R,S,S,S,S,,S,R,,,,,,,,,
573.13634,EKP,R,,R,R,R,R,R,R,R,R,R,S,R,S,R,R,R,R,,,,,,,,,
573.13016,EKP,R,,R,R,R,R,R,R,R,R,R,R,S,S,S,R,R,R,,,,,,,,,
573.13948,EKP,R,,R,R,R,R,R,R,R,R,R,S,S,S,R,S,R,R,,,,,,,,,
573.13101,EKP,R,,R,R,R,R,R,R,R,R,R,S,S,S,R,S,S,R,,,,,,,,,
573.12901,EKP,S,,S,S,S,S,S,S,S,S,S,S,S,S,S,S,S,R,,,,,,,,,
573.13917,EKP,R,,R,R,R,R,R,R,R,R,R,S,S,S,R,R,R,R,,,,,,,,,
573.14054,EKP,R,,R,R,R,R,R,R,R,R,R,R,S,S,R,,R,R,,,,,,,,,
573.13875,EKP,R,,R,R,R,R,R,R,R,R,S,S,S,S,S,R,R,R,,,,,,,,,
573.13598,EKP,S,,R,R,R,R,R,R,R,R,R,S,S,S,S,R,R,R,,,,,,,,,
573.14347,EKP,S,,R,R,R,R,R,R,R,R,R,R,S,S,S,,R,R,,,,,,,,,
573.13114,EKP,R,,R,R,R,R,R,R,R,R,R,S,S,S,S,S,R,R,,,,,,,,,
573.13152,EKP,S,,R,R,R,R,R,R,R,R,S,S,S,S,S,R,S,R,,,,,,,,,
573.13478,EKP,R,,R,R,R,R,R,R,R,R,R,R,R,S,R,R,R,R,,,,,,,,,
573.13263,EKP,S,,R,R,R,R,R,R,R,R,R,R,S,S,S,S,R,R,,,,,,,,,
573.13398,EKP,R,,R,R,R,R,R,R,R,R,R,R,R,S,R,R,R,R,,,,,,,,,
573.13135,EKP,R,,R,R,R,R,R,R,R,R,R,R,S,S,S,R,R,R,,,,,,,,,
573.14137,EKP,R,,R,R,R,R,R,R,R,S,R,R,R,S,R,R,R,R,,,,,,,,,
573.13632,EKP,R,,R,R,R,R,R,R,R,S,R,S,S,S,R,,S,R,,,,,,,,,
573.13633,EKP,R,,R,R,R,R,R,R,S,R,R,R,S,S,S,R,R,R,,,,,,,,,
573.13787,EKP,S,,R,R,R,R,R,R,R,R,R,S,S,S,S,R,S,R,,,,,,,,,
573.12921,EKP,S,,S,S,S,S,S,S,S,S,S,S,S,S,S,S,S,R,,,,,,,,,
573.1349,EKP,R,,R,R,R,R,R,R,R,R,R,S,S,S,R,R,R,R,,,,,,,,,
573.13851,EKP,R,,R,R,R,R,R,R,R,R,R,S,S,S,S,R,R,R,,,,,,,,,
573.14214,EKP,R,,R,R,R,R,R,R,R,R,R,R,R,S,R,R,R,R,,,,,,,,,
573.14189,EKP,R,,R,R,R,R,R,R,R,R,R,R,S,S,S,R,R,R,,,,,,,,,
573.14507,EKP,R,,R,R,R,R,R,R,R,R,R,R,R,S,R,R,R,R,,,,,,,,,
573.13466,EKP,R,,R,R,R,S,R,S,R,S,R,R,S,S,S,R,R,R,,,,,,,,,
573.13298,EKP,R,,R,R,R,S,R,R,R,R,S,R,S,S,S,R,R,R,,,,,,,,,
573.13794,EKP,R,,R,R,R,R,R,R,S,R,R,S,S,S,S,R,R,R,,,,,,,,,
573.13887,EKP,S,,R,R,R,R,R,R,R,R,R,S,R,S,S,R,R,R,,,,,,,,,
573.1405,EKP,R,,R,R,R,R,R,R,R,R,R,R,R,S,R,R,R,R,,,,,,,,,
573.13507,EKP,R,,R,R,R,R,R,R,R,R,S,S,S,S,S,R,R,R,,,,,,,,,
573.1357,EKP,R,,S,R,R,R,S,S,S,R,S,R,S,S,S,S,S,R,,,,,,,,,
573.13856,EKP,R,,R,R,R,R,R,R,R,R,R,R,S,S,R,S,R,R,,,,,,,,,
573.14304,EKP,R,,R,R,R,R,R,R,R,R,R,R,S,S,S,R,R,R,,,,,,,,,
573.12957,EKP,S,,,R,R,R,R,R,R,R,R,S,S,S,S,R,R,R,,,,,,,,,
573.1377,EKP,R,,R,R,R,R,R,R,R,R,R,S,R,S,S,S,R,R,,,,,,,,,
573.14458,EKP,R,,R,R,R,R,R,R,R,R,R,R,S,S,R,R,R,R,,,,,,,,,
573.13107,EKP,R,,R,R,R,R,R,R,R,R,R,R,S,S,S,R,R,R,,,,,,,,,
573.1381,EKP,S,,R,R,R,R,R,R,R,R,R,R,S,S,S,R,R,R,,,,,,,,,
573.14143,EKP,S,,R,R,R,R,R,R,R,S,R,R,S,S,S,S,R,R,,,,,,,,,
573.14095,EKP,R,,R,R,R,R,R,R,R,R,R,R,S,S,S,R,R,R,,,,,,,,,
573.13102,EKP,R,,R,S,R,R,R,R,S,R,R,S,S,S,S,R,R,R,,,,,,,,,
573.14199,EKP,R,,R,R,R,R,R,R,R,R,R,R,S,S,S,R,R,R,,,,,,,,,
573.13222,EKP,R,,R,R,R,R,R,R,R,R,R,R,S,S,S,R,R,R,,,,,,,,,
573.14045,EKP,S,,R,R,R,R,R,R,R,R,R,S,S,S,S,R,R,R,,,,,,,,,
573.13371,EKP,R,,R,R,R,R,R,R,R,R,R,R,S,S,S,R,S,R,,,,,,,,,
573.13367,EKP,R,,R,R,R,R,R,R,R,R,R,R,R,S,R,,R,R,,,,,,,,,
573.14174,EKP,S,,R,R,R,R,R,R,R,S,R,R,S,S,S,S,R,R,,,,,,,,,
573.14369,EKP,R,,R,R,R,R,R,R,R,R,R,S,S,S,S,S,S,R,,,,,,,,,
573.13571,EKP,S,,R,R,R,R,R,R,R,R,R,S,S,S,S,S,R,R,,,,,,,,,
573.14224,EKP,R,,R,R,R,R,R,R,R,R,R,R,S,S,R,R,R,R,,,,,,,,,
573.14183,EKP,R,,R,R,R,R,R,R,R,,R,S,R,S,R,S,R,R,,,,,,,,,
573.13245,EKP,R,,R,R,R,R,R,R,R,R,R,R,S,S,S,S,S,R,,,,,,,,,
573.13685,EKP,R,,R,R,R,R,R,R,R,S,R,R,R,S,R,S,R,R,,,,,,,,,
573.14087,EKP,R,,R,R,R,R,R,R,R,R,R,R,S,S,S,R,R,R,,,,,,,,,
573.14271,EKP,R,,R,R,R,R,R,R,R,R,S,S,S,S,S,,R,R,,,,,,,,,
573.14119,EKP,R,,R,R,R,R,R,R,R,S,R,S,S,S,S,R,R,R,,,,,,,,,
573.14357,EKP,S,,R,R,R,R,R,R,R,R,R,R,R,S,S,R,R,R,,,,,,,,,
573.13296,EKP,R,,R,R,R,R,S,S,R,R,S,R,S,S,S,S,S,R,,,,,,,,,
573.12948,EKP,R,,,R,R,R,R,R,R,R,R,S,R,S,R,R,R,R,,,,,,,,,
573.14324,EKP,R,,R,R,R,R,R,R,S,R,S,R,S,S,S,R,R,R,,,,,,,,,
573.13462,EKP,R,,R,R,R,R,R,R,R,R,R,R,S,S,S,S,R,R,,,,,,,,,
573.13769,EKP,R,,R,R,R,R,R,R,R,R,R,S,R,S,R,R,R,R,,,,,,,,,
573.12932,EKP,R,,,R,R,R,R,R,R,R,R,R,S,S,S,,R,R,,,,,,,,,
573.13246,EKP,R,,R,R,R,R,R,R,R,R,R,R,S,S,S,R,R,R,,,,,,,,,
573.1432,EKP,R,,R,R,R,R,R,R,R,R,R,S,S,S,S,,R,R,,,,,,,,,
573.14171,EKP,S,,S,S,R,R,R,S,S,S,R,S,S,S,S,S,S,R,,,,,,,,,
573.13806,EKP,R,,R,R,R,R,R,R,R,R,R,R,S,S,R,S,S,R,,,,,,,,,
573.13428,EKP,R,,R,R,R,R,R,R,S,R,R,S,S,S,R,R,R,R,,,,,,,,,
573.13053,EKP,R,,R,R,R,R,R,R,R,R,R,R,R,S,R,R,R,R,,,,,,,,,
573.13562,EKP,S,,R,R,R,R,R,R,R,R,R,R,S,S,S,R,R,R,,,,,,,,,
573.13932,EKP,R,,R,R,R,R,R,R,R,,R,S,S,S,S,R,R,R,,,,,,,,,
573.1384,EKP,R,,R,R,R,R,R,R,R,R,R,R,S,S,R,R,R,R,,,,,,,,,
573.1352,EKP,R,,R,R,R,R,R,R,R,R,R,R,S,S,S,S,R,R,,,,,,,,,
573.13425,EKP,S,,R,R,R,R,R,R,R,R,R,S,S,S,S,R,R,R,,,,,,,,,
573.1416,EKP,R,,R,R,R,R,R,R,R,R,R,R,S,S,S,R,R,R,,,,,,,,,
573.14538,EKP,S,,R,R,R,R,R,R,R,R,R,S,S,S,S,S,R,R,,,,,,,,,
573.13722,EKP,S,,R,R,R,R,R,R,R,R,R,S,R,S,S,,R,R,,,,,,,,,
573.14419,EKP,S,,R,R,R,R,R,R,R,R,R,S,S,S,S,S,R,R,,,,,,,,,
573.13475,EKP,R,,R,R,R,R,R,R,R,R,R,S,S,S,S,S,R,R,,,,,,,,,
573.14105,EKP,R,,R,R,R,R,R,R,R,R,R,R,R,S,R,R,R,R,,,,,,,,,
573.14067,EKP,R,,R,R,R,R,R,R,R,R,R,R,S,S,R,R,S,R,,,,,,,,,
573.13672,EKP,R,,R,S,R,R,R,R,S,R,R,S,S,S,S,R,R,R,,,,,,,,,
573.13739,EKP,S,,S,S,R,R,R,S,S,S,R,S,S,S,S,S,S,R,,,,,,,,,
573.13742,EKP,R,,R,R,R,R,R,R,R,R,R,S,S,S,S,R,R,R,,,,,,,,,
573.13664,EKP,S,,R,S,R,R,R,S,S,S,R,S,S,S,S,S,S,R,,,,,,,,,
573.13381,EKP,R,,R,R,R,R,R,R,R,R,S,R,S,S,S,R,R,R,,,,,,,,,
573.13067,EKP,R,,R,R,R,R,R,R,R,R,R,S,R,S,R,R,R,R,,,,,,,,,
573.14178,EKP,R,,R,R,R,R,R,R,R,R,R,R,R,S,R,R,R,R,,,,,,,,,
573.14009,EKP,S,,R,R,R,R,R,R,R,S,R,R,R,S,S,S,R,R,,,,,,,,,
573.12996,EKP,S,,S,S,R,S,R,S,S,S,R,S,S,S,S,S,S,R,,,,,,,,,
573.13615,EKP,R,,R,R,R,R,R,R,R,R,R,R,S,S,S,R,R,R,,,,,,,,,
573.14386,EKP,R,,R,R,R,R,R,R,R,R,R,S,S,S,S,S,R,R,,,,,,,,,
573.13228,EKP,R,,R,R,R,R,R,R,R,R,S,R,S,S,R,S,R,R,,,,,,,,,
573.13132,EKP,R,,R,R,R,R,R,R,R,R,R,S,R,S,R,R,R,R,,,,,,,,,
573.14186,EKP,R,,R,R,R,R,R,R,R,R,R,R,S,S,R,R,R,R,,,,,,,,,
573.1412,EKP,R,,R,R,R,R,R,R,R,R,R,R,S,S,S,R,R,R,,,,,,,,,
573.13375,EKP,R,,R,R,R,R,R,R,S,R,R,R,S,S,S,R,R,R,,,,,,,,,
573.13555,EKP,R,,R,R,R,R,R,R,R,R,S,R,S,S,S,S,S,R,,,,,,,,,
573.13081,EKP,S,,R,R,R,R,R,R,S,R,S,S,S,S,S,R,R,R,,,,,,,,,
573.14015,EKP,S,,R,R,R,R,R,R,R,S,R,S,S,S,S,S,R,R,,,,,,,,,
573.13963,EKP,R,,R,R,R,R,R,R,R,R,R,R,S,S,S,,R,R,,,,,,,,,
573.14453,EKP,S,,R,R,R,S,R,S,R,S,S,R,S,S,S,S,R,R,,,,,,,,,
573.12874,EKP,R,,,R,R,R,R,R,R,R,R,R,S,S,S,S,S,R,,,,,,,,,
573.14249,EKP,R,,R,R,R,R,R,R,R,R,R,R,S,S,S,R,R,R,,,,,,,,,
573.12899,EKP,R,,,R,R,R,R,R,S,R,R,R,S,S,S,R,R,R,,,,,,,,,
573.13205,EKP,R,,R,R,R,R,R,R,R,R,R,R,R,S,R,R,R,R,,,,,,,,,
573.13494,EKP,R,,R,R,R,R,R,R,R,R,S,R,S,S,R,R,S,R,,,,,,,,,
573.1396,EKP,R,,R,R,R,R,R,R,R,R,R,R,R,S,R,R,R,R,,,,,,,,,
573.13888,EKP,R,,R,R,R,R,R,R,R,R,R,S,S,S,S,R,R,R,,,,,,,,,
573.13487,EKP,R,,R,R,R,R,R,R,R,R,R,S,S,S,S,R,R,R,,,,,,,,,
573.13892,EKP,R,,R,R,R,R,R,R,R,R,R,S,S,S,S,R,R,R,,,,,,,,,
573.13058,EKP,R,,R,R,R,R,S,R,S,R,S,R,S,S,S,S,S,R,,,,,,,,,
573.13642,EKP,S,,R,S,R,R,S,R,S,R,S,S,S,S,S,R,S,R,,,,,,,,,
573.14079,EKP,R,,R,R,R,R,R,R,R,R,R,R,R,S,S,R,S,R,,,,,,,,,
573.14232,EKP,S,,R,R,R,R,R,R,R,R,R,S,S,S,S,S,R,R,,,,,,,,,
573.13258,EKP,R,,R,R,R,R,R,R,S,R,R,R,S,S,S,R,R,R,,,,,,,,,
573.13602,EKP,R,,R,R,R,R,R,R,R,R,R,S,S,S,S,R,R,R,,,,,,,,,
573.13195,EKP,S,,R,R,R,R,R,R,R,R,R,R,R,S,S,S,R,R,,,,,,,,,
573.13596,EKP,R,,R,R,R,R,R,R,R,R,R,S,S,S,S,,R,R,,,,,,,,,
573.14321,EKP,R,,R,R,R,R,R,R,R,R,R,S,R,S,R,R,R,R,,,,,,,,,
573.12953,EKP,S,,,R,R,R,R,R,R,R,R,S,S,S,S,R,R,R,,,,,,,,,
573.12995,EKP,S,,S,S,S,S,S,S,S,S,S,S,S,S,S,S,S,R,,,,,,,,,
573.14379,EKP,R,,R,R,R,R,R,R,R,R,R,R,S,S,S,R,R,R,,,,,,,,,
573.13719,EKP,R,,R,S,R,R,R,R,S,S,R,R,S,S,S,S,S,R,,,,,,,,,
573.13557,EKP,R,,R,R,R,R,R,R,R,R,R,R,S,S,R,S,R,R,,,,,,,,,
573.13467,EKP,R,,R,R,R,R,R,R,R,R,R,R,S,S,S,,S,R,,,,,,,,,
573.13323,EKP,S,,R,R,R,R,R,R,R,R,R,S,S,S,S,S,S,R,,,,,,,,,
573.14072,EKP,R,,R,R,R,R,R,R,R,S,S,R,S,S,S,R,R,R,,,,,,,,,
573.12967,EKP,S,,S,S,S,S,S,S,S,S,S,S,S,S,S,S,S,R,,,,,,,,,
573.13947,EKP,R,,R,R,R,R,R,R,R,R,R,R,R,S,S,S,R,R,,,,,,,,,
573.1455,EKP,R,,R,R,R,R,R,R,S,R,R,R,S,S,S,R,R,R,,,,,,,,,
573.14343,EKP,R,,R,R,R,R,R,R,R,R,R,R,S,S,S,R,R,R,,,,,,,,,
573.13763,EKP,S,,R,S,R,S,R,S,S,S,R,S,S,S,S,S,R,R,,,,,,,,,
573.1368,EKP,R,,R,R,R,R,R,R,R,R,R,R,R,S,R,R,R,R,,,,,,,,,
573.12883,EKP,S,,S,S,S,S,S,S,S,S,S,S,S,S,S,S,S,R,,,,,,,,,
573.13038,EKP,R,,R,R,R,R,R,R,S,R,S,R,S,S,S,R,R,R,,,,,,,,,
573.13266,EKP,S,,R,R,R,R,R,R,R,R,R,S,S,S,S,S,R,R,,,,,,,,,
573.12987,EKP,R,,,R,R,R,R,R,S,R,R,R,S,S,S,R,R,R,,,,,,,,,
573.14535,EKP,R,,R,R,R,R,R,R,R,R,R,R,S,S,S,R,R,R,,,,,,,,,
573.13417,EKP,R,,R,R,R,R,R,R,R,R,R,R,R,S,S,R,R,R,,,,,,,,,
573.14261,EKP,R,,R,R,R,R,R,R,R,R,R,R,S,S,R,S,R,R,,,,,,,,,
573.14047,EKP,S,,R,S,R,R,R,R,S,R,R,S,S,S,S,R,R,R,,,,,,,,,
573.13952,EKP,S,,R,R,R,R,R,R,R,R,R,S,R,S,S,R,R,R,,,,,,,,,
573.14425,EKP,R,,R,R,R,R,R,R,R,R,S,S,S,S,R,S,R,R,,,,,,,,,
573.13833,EKP,R,,R,R,R,R,R,R,S,R,R,R,S,S,S,R,R,R,,,,,,,,,
573.13998,EKP,R,,R,R,R,R,R,R,R,R,R,R,S,S,R,R,S,R,,,,,,,,,
573.13501,EKP,S,,R,R,R,R,R,R,S,R,R,S,S,S,S,S,R,R,,,,,,,,,
573.13569,EKP,S,,R,R,R,R,R,R,R,R,R,R,S,S,S,S,R,R,,,,,,,,,
573.13287,EKP,R,,R,R,R,R,R,R,R,R,R,R,S,S,S,R,R,R,,,,,,,,,
573.13576,EKP,S,,R,S,R,R,R,S,S,S,R,S,S,S,S,R,S,R,,,,,,,,,
573.13605,EKP,R,,R,R,R,R,R,R,R,R,R,R,S,S,S,S,S,R,,,,,,,,,
573.14341,EKP,S,,R,R,R,R,R,R,R,R,R,S,S,S,S,S,R,R,,,,,,,,,
573.14454,EKP,S,,R,R,R,S,R,R,S,S,S,S,S,S,S,S,S,R,,,,,,,,,
573.1355,EKP,S,,R,R,R,R,R,R,R,R,R,S,R,S,S,R,R,R,,,,,,,,,
573.13231,EKP,S,,R,R,R,R,R,R,R,R,R,S,S,S,S,S,S,R,,,,,,,,,
573.13756,EKP,R,,R,R,R,R,R,R,R,R,R,R,S,S,R,R,R,R,,,,,,,,,
573.12944,EKP,R,,,R,R,R,R,R,S,R,R,R,S,S,S,R,R,R,,,,,,,,,
573.13332,EKP,R,,R,R,R,R,R,R,S,R,R,R,S,S,S,R,R,R,,,,,,,,,
573.13904,EKP,R,,R,R,R,R,R,R,R,R,R,S,S,S,R,R,R,R,,,,,,,,,
573.14037,EKP,S,,R,R,R,R,R,R,R,R,R,S,S,S,S,R,R,R,,,,,,,,,
573.14259,EKP,R,,R,R,R,R,R,R,R,R,R,S,S,S,S,R,R,R,,,,,,,,,
573.13493,EKP,S,,R,R,R,R,R,R,R,R,R,R,S,S,S,R,R,R,,,,,,,,,
573.13203,EKP,R,,R,R,R,R,R,R,R,R,S,R,S,S,S,S,S,R,,,,,,,,,
573.14116,EKP,R,,R,R,R,R,R,R,R,R,R,R,S,S,S,R,R,R,,,,,,,,,
573.13273,EKP,R,,R,R,R,R,R,R,R,R,R,R,R,S,R,R,R,R,,,,,,,,,
573.13726,EKP,R,,R,R,R,R,R,R,S,R,S,R,S,S,S,R,R,R,,,,,,,,,
573.13039,EKP,R,,R,R,R,R,R,R,R,R,R,R,R,S,R,R,R,R,,,,,,,,,
573.12863,EKP,S,,S,S,S,S,S,S,S,S,S,S,S,S,S,S,S,R,,,,,,,,,
573.14515,EKP,R,,R,R,R,R,R,R,S,R,R,R,S,S,S,R,R,R,,,,,,,,,
573.13019,EKP,S,,,R,R,R,R,R,R,R,R,S,R,S,S,R,S,R,,,,,,,,,
573.13204,EKP,R,,R,R,R,R,R,R,R,R,R,R,S,S,S,R,R,R,,,,,,,,,
573.13193,EKP,R,,R,R,R,R,R,R,R,R,R,R,R,S,R,R,R,R,,,,,,,,,
573.12968,EKP,S,,R,S,S,S,S,S,S,S,R,S,S,S,S,S,S,R,,,,,,,,,
573.13355,EKP,R,,R,R,R,R,R,R,R,R,R,R,R,S,S,S,R,R,,,,,,,,,
573.13934,EKP,R,,R,R,R,R,R,R,R,S,S,S,S,S,S,R,R,R,,,,,,,,,
573.13029,EKP,S,,S,S,S,S,S,S,S,S,S,S,S,S,S,S,R,R,,,,,,,,,
573.13468,EKP,R,,R,R,R,R,R,R,R,R,R,R,S,S,R,S,R,R,,,,,,,,,
573.13044,EKP,R,,R,R,R,R,R,S,R,R,R,R,S,S,R,R,R,R,,,,,,,,,
573.1365,EKP,R,,R,R,R,R,R,R,R,R,R,R,S,S,S,R,R,R,,,,,,,,,
573.13356,EKP,S,,R,R,R,R,R,R,R,R,R,R,R,S,S,S,R,R,,,,,,,,,
573.13265,EKP,S,,R,R,R,R,R,R,R,R,R,R,S,S,S,R,R,R,,,,,,,,,
573.14334,EKP,R,,R,S,R,R,R,R,S,R,R,R,S,S,S,R,S,R,,,,,,,,,
573.13125,EKP,S,,R,R,R,R,R,R,R,R,R,S,S,S,S,S,S,R,,,,,,,,,
573.14097,EKP,R,,R,R,R,R,R,R,R,R,R,S,R,S,R,R,R,R,,,,,,,,,
573.13292,EKP,S,,R,R,R,R,R,R,R,R,R,S,S,S,S,S,R,R,,,,,,,,,
573.13601,EKP,S,,R,R,R,R,R,R,R,R,R,S,S,S,S,S,R,R,,,,,,,,,
573.13505,EKP,R,,R,R,R,R,R,R,R,R,R,R,S,S,R,R,S,R,,,,,,,,,
573.13793,EKP,R,,R,R,R,R,R,R,R,R,R,R,R,S,R,R,R,R,,,,,,,,,
573.12918,EKP,R,,,R,R,R,R,R,R,R,R,S,S,S,S,R,R,R,,,,,,,,,
573.14011,EKP,S,,R,R,R,R,R,R,R,R,R,S,R,S,S,,R,R,,,,,,,,,
573.13314,EKP,R,,R,R,R,R,R,R,R,R,R,R,S,S,S,R,R,R,,,,,,,,,
573.13264,EKP,S,,R,R,R,R,R,R,R,S,R,S,S,S,S,S,R,R,,,,,,,,,
573.1452,EKP,R,,R,R,R,R,R,R,R,R,R,R,R,S,S,S,R,R,,,,,,,,,
573.13385,EKP,R,,R,R,R,R,R,R,S,R,R,R,S,S,S,R,R,R,,,,,,,,,
573.13774,EKP,R,,R,R,R,R,R,R,R,R,R,R,S,S,S,R,R,R,,,,,,,,,
573.14065,EKP,R,,R,R,R,R,R,R,R,R,R,R,S,S,S,S,R,R,,,,,,,,,
573.13712,EKP,S,,R,R,R,R,R,R,R,R,R,R,S,S,S,R,R,R,,,,,,,,,
573.14286,EKP,S,,R,R,R,R,R,R,R,R,R,R,S,S,S,S,R,R,,,,,,,,,
573.14327,EKP,R,,R,R,R,R,R,R,R,R,S,S,S,S,S,R,R,R,,,,,,,,,
573.13636,EKP,S,,R,R,R,R,R,R,R,R,R,S,S,S,S,R,R,R,,,,,,,,,
573.13616,EKP,R,,R,R,R,R,R,R,R,R,R,S,R,S,R,R,R,R,,,,,,,,,
573.13979,EKP,S,,R,R,R,R,R,R,R,R,R,R,S,S,S,S,R,R,,,,,,,,,
573.14029,EKP,R,,R,R,R,R,R,R,R,R,R,S,S,S,S,S,R,R,,,,,,,,,
573.13575,EKP,R,,R,R,R,R,R,R,R,S,R,R,S,S,S,S,R,R,,,,,,,,,
573.14179,EKP,R,,R,R,R,R,R,R,R,R,R,R,S,S,S,R,S,R,,,,,,,,,
573.14201,EKP,S,,S,R,R,S,R,R,S,S,S,S,S,S,S,S,R,R,,,,,,,,,
573.13138,EKP,R,,R,R,R,R,R,R,R,R,R,R,R,S,R,R,R,R,,,,,,,,,
573.14298,EKP,R,,R,R,R,R,R,R,R,R,R,S,S,S,S,R,R,R,,,,,,,,,
573.13734,EKP,R,,R,R,R,R,R,R,R,R,R,R,S,S,S,R,R,R,,,,,,,,,
573.13349,EKP,R,,R,R,R,R,R,R,R,R,R,R,S,S,S,R,R,R,,,,,,,,,
573.1394,EKP,R,,R,R,R,R,R,R,R,R,R,S,R,S,R,,S,R,,,,,,,,,
573.13614,EKP,S,,R,S,R,S,R,R,S,R,R,S,S,S,S,S,S,R,,,,,,,,,
573.14411,EKP,S,,R,S,R,S,R,R,S,R,S,S,S,S,S,R,R,R,,,,,,,,,
573.1391,EKP,R,,R,R,R,R,R,R,R,R,R,S,S,S,S,R,R,R,,,,,,,,,
573.13699,EKP,R,,R,R,R,R,R,R,R,R,R,R,S,S,R,R,R,R,,,,,,,,,
573.14376,EKP,S,,R,R,R,R,R,R,S,R,S,S,S,S,S,S,S,R,,,,,,,,,
573.13441,EKP,S,,R,R,R,R,R,R,R,R,R,R,S,S,S,,R,R,,,,,,,,,
573.13373,EKP,S,,R,R,R,R,R,R,R,R,R,R,S,S,S,R,R,R,,,,,,,,,
573.13338,EKP,S,,R,R,R,R,R,R,R,R,R,R,S,S,S,S,R,R,,,,,,,,,
573.14452,EKP,S,,R,R,R,R,R,R,R,S,R,R,R,S,S,S,R,R,,,,,,,,,
573.13297,EKP,R,,R,R,R,R,S,S,R,R,S,R,S,S,S,S,S,R,,,,,,,,,
573.14363,EKP,R,,R,R,R,R,R,R,S,R,R,R,S,S,S,R,R,R,,,,,,,,,
573.13348,EKP,R,,R,R,R,R,R,R,R,R,R,R,S,S,S,R,R,R,,,,,,,,,
573.14336,EKP,R,,R,R,R,R,R,R,R,R,R,R,S,S,S,R,S,R,,,,,,,,,
573.13405,EKP,S,,R,R,R,R,R,R,R,R,R,S,S,S,S,S,R,R,,,,,,,,,
573.13988,EKP,R,,R,R,R,R,R,R,R,R,R,R,S,S,S,R,R,R,,,,,,,,,
573.13399,EKP,R,,R,R,R,R,R,R,R,R,R,R,R,S,R,R,S,R,,,,,,,,,
573.13928,EKP,R,,S,R,R,R,S,S,S,R,S,R,S,S,S,S,S,R,,,,,,,,,
573.13104,EKP,S,,R,R,R,R,R,R,S,R,S,S,S,S,S,S,S,R,,,,,,,,,
573.13079,EKP,R,,R,R,R,R,R,R,R,R,R,R,R,S,R,R,R,R,,,,,,,,,
573.14434,EKP,R,,R,R,R,R,R,R,R,R,R,R,S,S,R,R,R,R,,,,,,,,,
573.13783,EKP,S,,R,R,R,R,R,R,R,R,R,S,R,S,S,S,R,R,,,,,,,,,
573.13444,EKP,R,,R,R,R,R,R,R,R,R,R,S,R,S,R,R,R,R,,,,,,,,,
573.1403,EKP,R,,R,R,R,R,R,R,R,R,R,R,S,S,R,R,R,R,,,,,,,,,
573.14299,EKP,R,,R,R,R,R,R,R,R,R,R,S,S,S,R,R,R,R,,,,,,,,,
573.13086,EKP,R,,R,R,R,R,R,R,R,R,R,S,S,S,S,R,R,R,,,,,,,,,
573.14265,EKP,R,,R,R,R,S,R,S,R,S,R,R,S,S,R,S,R,R,,,,,,,,,
573.13789,EKP,R,,R,R,R,R,R,R,R,R,R,R,S,S,S,S,S,R,,,,,,,,,
573.13391,EKP,R,,R,R,R,R,R,R,R,R,R,S,S,S,S,R,R,R,,,,,,,,,
573.14317,EKP,R,,R,R,R,R,R,R,R,R,R,S,R,S,R,R,R,R,,,,,,,,,
573.13216,EKP,R,,R,R,R,R,R,R,R,R,R,R,S,S,S,R,R,R,,,,,,,,,
573.12958,EKP,S,,,R,R,R,R,R,R,R,R,S,S,S,S,R,R,R,,,,,,,,,
573.14456,EKP,R,,R,R,R,R,R,R,R,R,R,R,R,S,S,R,R,R,,,,,,,,,
573.14082,EKP,R,,R,R,R,R,R,R,R,R,S,S,S,S,S,R,R,R,,,,,,,,,
573.1356,EKP,R,,R,R,R,R,R,R,R,R,R,R,S,S,S,R,R,R,,,,,,,,,
573.13412,EKP,R,,R,R,R,R,R,R,R,R,R,R,R,S,R,R,R,R,,,,,,,,,
573.14106,EKP,S,,R,R,R,R,R,R,R,R,R,R,S,S,S,R,R,R,,,,,,,,,
573.14035,EKP,S,,R,R,R,R,R,R,R,R,R,R,S,S,S,S,R,R,,,,,,,,,
573.14503,EKP,R,,R,R,R,R,R,R,R,R,R,S,R,S,S,,R,R,,,,,,,,,
573.14023,EKP,R,,R,R,R,R,R,R,R,R,R,R,R,S,R,R,S,R,,,,,,,,,
573.14396,EKP,R,,R,R,R,R,R,R,R,R,R,S,S,S,S,S,R,R,,,,,,,,,
573.14483,EKP,R,,R,R,R,R,R,R,R,R,R,R,R,S,R,S,S,R,,,,,,,,,
573.14524,EKP,R,,R,R,R,R,R,R,R,R,R,S,S,S,R,R,S,R,,,,,,,,,
573.13358,EKP,S,,R,S,R,R,R,R,S,R,R,S,R,S,S,R,S,R,,,,,,,,,
573.13005,EKP,S,,S,S,S,S,S,S,S,S,S,S,S,S,S,S,R,R,,,,,,,,,
573.14235,EKP,R,,R,R,R,R,R,R,R,R,R,R,S,S,S,R,R,R,,,,,,,,,
573.13737,EKP,S,,R,R,R,R,R,R,R,R,R,S,S,S,S,,S,R,,,,,,,,,
573.14508,EKP,R,,R,R,R,R,R,R,R,R,R,R,S,S,S,,R,R,,,,,,,,,
573.13829,EKP,R,,R,R,R,R,R,R,R,R,R,R,S,S,R,S,R,R,,,,,,,,,
573.13229,EKP,S,,R,R,R,R,R,R,S,R,S,S,S,S,S,R,R,R,,,,,,,,,
573.12933,EKP,S,,S,S,R,S,S,S,S,S,S,S,S,S,S,S,S,R,,,,,,,,,
573.13798,EKP,R,,R,R,R,R,R,R,R,R,R,R,R,S,R,R,R,R,,,,,,,,,
573.13572,EKP,R,,R,R,R,R,R,R,S,R,R,R,S,S,S,R,R,R,,,,,,,,,
573.13564,EKP,R,,R,R,R,R,R,R,R,R,R,R,R,S,S,S,R,R,,,,,,,,,
573.14467,EKP,S,,R,R,R,R,R,R,R,R,R,S,S,S,S,S,R,R,,,,,,,,,
573.13767,EKP,S,,R,R,R,R,R,R,S,R,S,S,S,S,S,S,R,R,,,,,,,,,
573.13938,EKP,S,,R,R,R,R,R,R,R,R,R,S,R,S,S,R,R,R,,,,,,,,,
573.14501,EKP,R,,R,R,R,R,R,R,R,R,R,R,R,S,S,S,R,R,,,,,,,,,
573.14138,EKP,S,,R,R,R,R,R,R,R,S,R,S,R,S,S,,R,R,,,,,,,,,
573.1344,EKP,R,,R,R,R,R,R,R,R,R,R,R,R,S,R,R,R,R,,,,,,,,,
573.14533,EKP,R,,R,R,R,R,R,R,R,R,R,R,S,S,R,S,R,R,,,,,,,,,
573.12862,EKP,R,,,R,R,R,R,R,R,R,S,S,S,S,R,S,R,R,,,,,,,,,
573.14234,EKP,S,,R,R,R,R,R,R,R,R,R,R,R,S,S,S,R,R,,,,,,,,,
573.14541,EKP,R,,R,R,R,R,R,R,R,R,R,R,S,S,S,R,R,R,,,,,,,,,
573.13604,EKP,R,,R,R,R,R,R,R,R,R,R,R,S,S,S,R,R,R,,,,,,,,,
573.13983,EKP,S,,R,R,R,R,R,R,R,R,R,R,S,S,S,S,R,R,,,,,,,,,
573.13276,EKP,R,,R,R,R,R,R,R,R,S,R,R,S,S,S,S,R,R,,,,,,,,,
573.13403,EKP,S,,R,R,R,R,R,R,S,R,R,S,R,S,S,R,R,R,,,,,,,,,
573.12959,EKP,R,,,R,R,R,S,R,S,R,S,R,S,S,R,S,S,R,,,,,,,,,
573.1408,EKP,R,,R,R,R,R,R,R,R,R,R,R,S,S,S,R,R,R,,,,,,,,,
573.13852,EKP,R,,R,R,R,R,R,R,R,R,R,S,R,S,R,R,R,R,,,,,,,,,
573.14064,EKP,S,,R,R,R,R,R,S,R,S,R,S,S,S,S,S,R,R,,,,,,,,,
573.1409,EKP,R,,R,R,R,R,R,R,R,R,R,R,R,S,R,R,R,R,,,,,,,,,
573.14449,EKP,R,,R,R,R,R,R,R,R,R,R,S,S,S,R,,R,R,,,,,,,,,
573.12904,EKP,S,,S,S,S,S,S,S,S,S,S,S,S,S,S,S,S,R,,,,,,,,,
573.13613,EKP,R,,R,R,R,R,R,R,S,R,R,R,S,S,R,R,R,R,,,,,,,,,
573.14413,EKP,R,,R,R,R,R,R,R,R,R,R,R,S,S,S,R,S,R,,,,,,,,,
573.14146,EKP,R,,R,R,R,R,R,R,R,R,R,R,R,S,R,R,R,R,,,,,,,,,
573.13459,EKP,R,,R,R,R,R,R,R,S,R,R,R,S,S,S,R,R,R,,,,,,,,,
573.14399,EKP,R,,R,R,R,R,R,R,R,R,R,R,R,S,S,,R,R,,,,,,,,,
573.12949,EKP,R,,,R,R,R,R,R,S,R,R,R,S,S,S,R,R,R,,,,,,,,,
573.13254,EKP,R,,R,R,R,R,R,R,R,R,R,R,S,S,S,R,R,R,,,,,,,,,
573.13688,EKP,S,,R,R,R,R,R,R,R,R,R,R,S,S,S,,R,R,,,,,,,,,
573.12939,EKP,S,,S,S,S,S,S,S,S,S,S,S,S,S,S,S,S,R,,,,,,,,,
573.13397,EKP,S,,R,R,R,R,R,R,R,R,R,S,R,S,S,R,R,R,,,,,,,,,
573.14018,EKP,S,,R,R,R,R,R,R,R,R,R,R,S,S,S,S,R,R,,,,,,,,,
573.13377,EKP,S,,R,R,R,R,R,R,R,R,R,R,S,S,S,,R,R,,,,,,,,,
573.14185,EKP,R,,R,R,R,R,R,R,R,R,R,S,R,S,R,,R,R,,,,,,,,,
573.14113,EKP,S,,R,R,R,R,R,R,R,R,R,S,S,S,S,R,R,R,,,,,,,,,
573.14539,EKP,R,,R,R,R,R,R,R,R,R,R,R,S,S,S,R,R,R,,,,,,,,,
573.12937,EKP,S,,,S,R,S,R,S,S,S,R,S,S,S,S,S,S,R,,,,,,,,,
573.13409,EKP,S,,R,R,R,R,R,R,S,R,S,S,S,S,S,R,R,R,,,,,,,,,
573.14162,EKP,S,,R,R,R,R,R,R,R,R,R,R,S,S,S,S,R,R,,,,,,,,,
573.13463,EKP,R,,R,R,R,R,R,R,R,R,R,R,S,S,S,R,S,R,,,,,,,,,
573.13485,EKP,R,,R,R,R,R,R,R,R,R,R,R,S,S,S,R,R,R,,,,,,,,,
573.13284,EKP,R,,R,R,R,S,R,R,R,R,S,R,S,S,S,R,R,R,,,,,,,,,
573.13192,EKP,R,,R,R,R,R,R,R,R,R,R,R,S,S,S,R,S,R,,,,,,,,,
573.14312,EKP,R,,R,R,R,S,R,S,R,S,R,S,S,S,R,R,R,R,,,,,,,,,
573.13607,EKP,S,,R,R,R,R,R,R,R,R,S,S,S,S,S,,R,R,,,,,,,,,
573.13481,EKP,R,,R,R,R,R,R,R,R,R,R,R,S,S,S,S,R,R,,,,,,,,,
573.13573,EKP,R,,R,R,R,R,R,R,R,R,R,R,S,S,R,R,R,R,,,,,,,,,
573.1392,EKP,R,,R,R,R,R,R,R,R,R,R,S,R,S,R,R,S,R,,,,,,,,,
573.13935,EKP,R,,R,S,R,R,R,R,S,R,R,S,S,S,S,R,R,R,,,,,,,,,
573.14208,EKP,R,,R,R,R,R,R,R,R,R,R,S,S,S,S,R,R,R,,,,,,,,,
573.14253,EKP,S,,R,R,R,R,R,R,R,R,R,S,S,S,S,R,R,R,,,,,,,,,
573.13561,EKP,S,,R,R,R,R,R,R,R,R,R,R,R,S,S,R,R,R,,,,,,,,,
573.13482,EKP,R,,R,R,R,R,R,R,R,R,R,R,S,S,S,S,R,R,,,,,,,,,
573.14134,EKP,R,,R,R,R,R,R,R,R,R,R,R,S,S,S,R,R,R,,,,,,,,,
573.13813,EKP,R,,R,R,R,R,R,R,R,R,R,R,S,S,S,R,S,R,,,,,,,,,
573.13853,EKP,S,,S,S,R,R,R,S,S,S,R,S,S,S,S,S,S,R,,,,,,,,,
573.13899,EKP,S,,R,R,R,S,S,R,R,S,S,S,S,S,S,S,R,R,,,,,,,,,
573.13711,EKP,S,,R,R,R,R,R,R,R,S,R,R,S,S,S,S,R,R,,,,,,,,,
573.13609,EKP,R,,R,R,R,R,R,R,R,R,R,R,S,S,S,R,R,R,,,,,,,,,
573.14014,EKP,R,,R,R,R,R,R,R,R,R,R,S,S,S,S,R,R,R,,,,,,,,,
573.13438,EKP,R,,R,R,R,R,R,R,R,R,R,R,R,S,S,R,R,R,,,,,,,,,
573.12997,EKP,S,,S,S,S,S,S,S,S,S,S,S,S,S,S,S,S,R,,,,,,,,,
573.13877,EKP,R,,R,R,R,R,R,R,R,R,R,S,S,S,R,S,R,R,,,,,,,,,
573.13675,EKP,R,,R,R,R,R,R,R,S,R,R,R,S,S,S,R,R,R,,,,,,,,,
573.1361,EKP,R,,R,R,R,R,R,R,R,R,S,R,S,S,S,R,R,R,,,,,,,,,
573.13662,EKP,R,,R,R,R,R,R,R,S,R,S,R,S,S,S,R,R,R,,,,,,,,,
573.13181,EKP,R,,R,R,R,R,R,R,R,R,R,R,S,S,S,R,R,R,,,,,,,,,
573.13096,EKP,R,,R,R,R,R,R,R,R,R,R,R,R,S,R,R,R,R,,,,,,,,,
573.13869,EKP,R,,R,R,R,R,R,R,R,R,R,R,S,S,S,R,R,R,,,,,,,,,
573.13956,EKP,S,,R,R,R,R,R,R,R,S,R,S,R,S,S,S,R,R,,,,,,,,,
573.13142,EKP,R,,R,R,R,R,R,R,R,R,R,R,S,S,S,R,R,R,,,,,,,,,
573.13668,EKP,R,,R,R,R,R,R,R,R,R,R,R,S,S,S,R,R,R,,,,,,,,,
573.13551,EKP,R,,R,R,R,R,R,R,R,R,S,S,S,S,R,S,R,R,,,,,,,,,
573.12931,EKP,R,,,R,R,R,R,R,R,R,S,R,S,S,S,S,S,R,,,,,,,,,
573.14322,EKP,R,,R,R,R,R,R,R,R,R,R,R,S,S,S,R,S,R,,,,,,,,,
573.14205,EKP,R,,R,R,R,S,R,R,R,R,R,R,S,S,S,R,R,R,,,,,,,,,
573.14418,EKP,R,,R,R,R,R,R,R,R,S,R,R,R,S,R,S,R,R,,,,,,,,,
573.12975,EKP,R,,,R,R,R,R,R,R,R,S,R,S,S,S,R,R,R,,,,,,,,,
573.13993,EKP,R,,R,S,R,R,R,R,S,R,R,S,S,S,R,R,S,R,,,,,,,,,
573.13167,EKP,R,,R,R,R,R,R,R,R,R,R,R,R,S,R,R,R,R,,,,,,,,,
573.13023,EKP,R,,,R,R,R,R,R,R,R,R,R,S,S,R,R,R,R,,,,,,,,,
573.13257,EKP,S,,R,R,R,R,R,R,R,R,R,R,R,S,S,R,R,R,,,,,,,,,
573.13317,EKP,S,,R,R,R,R,R,R,R,R,R,S,S,S,S,R,R,R,,,,,,,,,
573.14075,EKP,R,,R,R,R,R,R,R,R,R,R,R,S,S,S,R,S,R,,,,,,,,,
573.14426,EKP,R,,R,R,R,R,R,R,R,R,R,R,R,S,S,S,R,R,,,,,,,,,
573.13244,EKP,R,,R,R,R,R,R,R,R,R,R,S,S,S,S,R,R,R,,,,,,,,,
573.14337,EKP,S,,R,R,R,R,R,R,R,R,R,S,S,S,S,S,R,R,,,,,,,,,
573.13249,EKP,S,,R,R,R,R,R,R,R,R,R,S,S,S,S,R,S,R,,,,,,,,,
573.14136,EKP,R,,R,R,R,R,R,R,R,R,R,R,R,S,R,R,R,R,,,,,,,,,
573.13233,EKP,R,,R,R,R,R,R,R,R,R,R,S,R,S,R,R,R,R,,,,,,,,,
573.1363,EKP,R,,R,R,R,R,R,R,R,R,R,S,S,S,S,R,R,R,,,,,,,,,
573.13106,EKP,R,,R,R,R,R,R,R,R,R,R,R,S,S,S,R,R,R,,,,,,,,,
573.13248,EKP,R,,R,R,R,R,R,R,R,R,R,R,S,S,S,R,S,R,,,,,,,,,
573.13171,EKP,R,,R,R,R,R,R,R,R,R,R,R,S,S,S,R,R,R,,,,,,,,,
573.14273,EKP,R,,R,R,R,R,R,R,R,R,R,R,S,S,S,R,R,R,,,,,,,,,
573.14422,EKP,S,,R,R,R,R,R,R,R,R,R,S,R,S,S,S,R,R,,,,,,,,,
573.13831,EKP,S,,R,R,R,R,R,R,R,R,R,R,R,S,S,R,R,R,,,,,,,,,
573.14063,EKP,R,,R,R,R,R,R,R,R,R,R,R,S,S,S,S,R,R,,,,,,,,,
573.13241,EKP,S,,R,R,R,R,R,R,S,R,R,S,S,S,S,R,S,R,,,,,,,,,
573.13809,EKP,R,,R,R,R,R,R,R,R,R,R,R,S,S,S,R,R,R,,,,,,,,,
573.13224,EKP,S,,R,R,R,R,R,R,R,R,R,S,R,S,S,S,R,R,,,,,,,,,
573.14522,EKP,R,,R,R,R,R,R,R,R,R,R,R,S,S,S,R,S,R,,,,,,,,,
573.14284,EKP,R,,R,R,R,R,R,R,R,R,R,R,R,S,S,R,R,R,,,,,,,,,
573.14213,EKP,R,,R,R,R,R,R,R,R,R,R,S,S,S,R,S,R,R,,,,,,,,,
573.13538,EKP,R,,R,R,R,R,R,R,R,R,R,R,S,S,S,R,R,R,,,,,,,,,
573.13754,EKP,R,,R,R,S,S,R,S,R,S,R,R,S,S,S,S,R,R,,,,,,,,,
573.13458,EKP,R,,R,R,R,R,R,R,R,R,R,R,S,S,S,,R,R,,,,,,,,,
573.13515,EKP,R,,R,R,R,S,R,S,R,S,R,R,S,S,S,R,R,R,,,,,,,,,
573.14448,EKP,S,,R,R,R,R,R,R,R,S,R,S,S,S,S,S,R,R,,,,,,,,,
573.13512,EKP,S,,R,R,R,R,R,R,R,R,R,R,R,S,S,S,R,R,,,,,,,,,
573.13281,EKP,R,,R,R,R,R,R,R,R,R,R,S,S,S,R,R,R,R,,,,,,,,,
573.13567,EKP,R,,R,R,R,S,R,S,R,S,R,R,S,S,S,R,S,R,,,,,,,,,
573.14263,EKP,R,,R,R,R,R,R,R,R,R,R,R,R,S,R,R,R,R,,,,,,,,,
573.13708,EKP,R,,R,R,R,R,R,R,R,R,R,R,S,S,S,R,R,R,,,,,,,,,
573.14297,EKP,S,,R,R,R,R,R,R,S,R,R,S,S,S,S,R,R,R,,,,,,,,,
573.14217,EKP,R,,R,R,R,R,R,R,R,R,R,R,S,S,R,S,R,R,,,,,,,,,
573.13777,EKP,S,,R,R,R,R,R,R,R,R,R,R,S,S,S,R,R,R,,,,,,,,,
573.14499,EKP,S,,R,S,R,R,R,R,S,R,R,S,S,S,S,,R,R,,,,,,,,,
573.14407,EKP,R,,R,R,R,R,R,R,R,R,R,R,R,S,S,R,R,R,,,,,,,,,
573.13175,EKP,R,,R,R,R,R,R,R,R,R,R,S,R,S,R,R,R,R,,,,,,,,,
573.14081,EKP,R,,R,R,R,R,R,R,R,R,R,R,S,S,R,R,R,R,,,,,,,,,
573.14502,EKP,S,,R,R,R,R,R,R,R,S,R,R,R,S,S,S,R,R,,,,,,,,,
573.12928,EKP,S,,S,S,S,S,S,S,S,S,S,S,S,S,S,S,S,R,,,,,,,,,
573.13028,EKP,R,,,R,R,R,R,R,R,R,R,R,S,S,S,R,S,R,,,,,,,,,
573.13394,EKP,R,,R,R,R,R,R,R,R,R,R,R,R,S,R,R,R,R,,,,,,,,,
573.13031,EKP,R,,R,R,R,R,R,R,S,R,R,R,S,S,S,R,R,R,,,,,,,,,
573.14344,EKP,R,,R,R,R,R,R,R,S,R,R,R,S,S,S,R,R,R,,,,,,,,,
573.13911,EKP,R,,R,R,R,R,R,R,R,R,R,R,R,S,S,R,R,R,,,,,,,,,
573.13207,EKP,R,,R,R,R,R,R,R,R,R,R,R,R,S,R,R,R,R,,,,,,,,,
573.12907,EKP,S,,S,S,S,S,S,S,S,S,S,S,S,S,S,S,S,R,,,,,,,,,
573.14056,EKP,S,,R,R,R,R,R,R,R,R,R,R,R,S,S,S,R,R,,,,,,,,,
573.14204,EKP,R,,R,R,R,R,R,R,R,R,R,R,R,S,R,,R,R,,,,,,,,,
573.13961,EKP,R,,R,R,R,R,R,R,R,R,R,R,R,S,S,,R,R,,,,,,,,,
573.13415,EKP,S,,R,R,R,R,R,R,R,R,R,S,S,S,S,,R,R,,,,,,,,,
573.13654,EKP,R,,R,R,R,R,R,R,R,R,R,S,S,S,S,R,R,R,,,,,,,,,
573.14114,EKP,R,,R,R,R,R,R,R,R,R,R,R,S,S,R,R,R,R,,,,,,,,,
573.13972,EKP,R,,R,R,R,R,R,R,R,R,R,R,S,S,R,R,R,R,,,,,,,,,
573.12982,EKP,R,,,R,R,R,R,R,R,R,S,S,S,S,S,R,R,R,,,,,,,,,
573.13062,EKP,S,,R,R,R,R,R,R,R,S,R,R,R,S,S,S,R,R,,,,,,,,,
573.12972,EKP,R,,,R,R,R,R,R,S,R,R,R,S,S,S,R,R,R,,,,,,,,,
573.1347,EKP,R,,R,R,R,R,R,R,R,R,R,R,R,S,R,,R,R,,,,,,,,,
573.14135,EKP,R,,R,S,R,R,R,R,S,S,R,R,S,S,R,S,R,R,,,,,,,,,
573.14247,EKP,R,,R,R,R,R,R,R,R,R,R,R,R,S,S,,R,R,,,,,,,,,
573.14393,EKP,R,,R,R,R,R,R,R,R,R,R,R,R,S,S,R,R,R,,,,,,,,,
573.13713,EKP,S,,R,R,R,R,R,R,R,R,R,S,S,S,S,S,S,R,,,,,,,,,
573.13781,EKP,R,,R,R,R,R,R,R,R,R,R,S,R,S,R,S,R,R,,,,,,,,,
573.13443,EKP,R,,R,R,R,S,R,R,S,S,S,R,S,S,S,R,R,R,,,,,,,,,
573.13301,EKP,R,,R,R,R,R,R,R,S,R,R,R,S,S,S,R,R,R,,,,,,,,,
573.14415,EKP,R,,R,R,R,R,R,R,R,R,R,R,S,S,S,R,R,R,,,,,,,,,
573.1389,EKP,R,,R,R,R,R,R,R,R,R,S,R,S,S,S,S,R,R,,,,,,,,,
573.14495,EKP,S,,R,R,R,R,R,R,R,R,R,R,S,S,S,R,S,R,,,,,,,,,
573.13269,EKP,R,,R,R,R,R,R,R,R,R,R,R,S,S,S,R,R,R,,,,,,,,,
573.1451,EKP,R,,R,R,R,R,R,R,S,R,R,R,S,S,S,R,R,R,,,,,,,,,
573.13451,EKP,S,,R,R,R,R,R,R,R,R,R,S,S,S,S,R,R,R,,,,,,,,,
573.13201,EKP,R,,R,R,R,R,R,R,R,R,R,R,R,S,R,R,R,R,,,,,,,,,
573.13452,EKP,R,,R,R,R,R,R,R,R,R,R,R,S,S,S,R,R,R,,,,,,,,,
573.13024,EKP,R,,,R,R,R,R,R,R,R,R,R,R,S,S,R,S,R,,,,,,,,,
573.13386,EKP,S,,R,R,R,R,R,R,R,R,S,S,S,S,S,R,S,R,,,,,,,,,
573.13939,EKP,R,,R,R,R,R,R,R,R,R,R,S,R,S,R,R,S,R,,,,,,,,,
573.13893,EKP,R,,R,R,R,R,R,R,R,R,R,S,S,S,R,R,R,R,,,,,,,,,
573.14463,EKP,S,,R,S,R,R,R,R,S,S,R,S,S,S,S,S,S,R,,,,,,,,,
573.13876,EKP,R,,R,R,R,R,R,R,R,R,R,S,S,S,R,S,R,R,,,,,,,,,
573.13116,EKP,R,,R,R,R,R,R,R,R,R,R,S,S,S,S,R,R,R,,,,,,,,,
573.13194,EKP,R,,R,R,R,R,R,R,R,R,R,R,S,S,S,S,S,R,,,,,,,,,
573.13156,EKP,R,,R,R,R,R,R,R,R,R,R,S,R,S,R,R,R,R,,,,,,,,,
573.13048,EKP,R,,R,R,R,R,R,R,R,R,R,R,R,S,S,S,R,R,,,,,,,,,
573.14165,EKP,R,,R,R,R,R,R,R,R,R,R,R,S,S,R,R,R,R,,,,,,,,,
573.1427,EKP,S,,R,R,R,R,R,R,R,R,R,S,S,S,S,R,S,R,,,,,,,,,
573.14421,EKP,R,,R,R,R,R,R,R,R,R,R,S,S,S,S,R,R,R,,,,,,,,,
573.13556,EKP,R,,R,S,R,R,R,R,S,R,R,R,S,S,S,R,R,R,,,,,,,,,
573.13103,EKP,R,,R,R,R,S,R,R,S,S,S,R,S,S,S,R,R,R,,,,,,,,,
573.14481,EKP,R,,R,R,R,R,R,R,R,R,R,S,S,S,S,R,R,R,,,,,,,,,
573.13709,EKP,R,,R,R,R,R,R,R,R,R,S,R,S,S,S,R,R,R,,,,,,,,,
573.13313,EKP,R,,R,R,R,R,R,R,R,R,R,R,S,S,S,S,S,R,,,,,,,,,
573.13608,EKP,R,,S,R,R,R,S,S,S,R,S,R,S,S,S,S,S,R,,,,,,,,,
573.13407,EKP,R,,R,R,R,R,R,R,R,R,R,R,S,S,S,R,R,R,,,,,,,,,
573.13197,EKP,R,,R,R,R,R,R,R,R,S,R,S,S,S,S,S,R,R,,,,,,,,,
573.13791,EKP,R,,R,R,R,R,R,R,R,R,R,R,S,S,S,R,R,R,,,,,,,,,
573.13683,EKP,S,,R,R,R,R,R,R,R,R,R,S,S,S,S,R,R,R,,,,,,,,,
573.13745,EKP,R,,R,S,R,R,R,R,S,S,R,R,S,S,S,,S,R,,,,,,,,,
573.13271,EKP,R,,R,R,R,R,R,R,R,R,R,S,S,S,R,S,R,R,,,,,,,,,
573.13357,EKP,R,,R,R,R,R,R,R,R,R,R,R,S,S,S,R,R,R,,,,,,,,,
573.13759,EKP,R,,R,R,R,R,R,R,R,R,R,S,S,S,R,R,S,R,,,,,,,,,
573.13021,EKP,S,,,R,R,R,S,R,S,R,S,S,S,S,S,S,S,R,,,,,,,,,
573.13414,EKP,R,,R,R,R,R,R,R,S,R,R,R,S,S,S,R,R,R,,,,,,,,,
573.14295,EKP,R,,R,R,R,R,R,R,R,R,R,S,S,S,S,S,R,R,,,,,,,,,
573.13524,EKP,R,,R,R,R,R,R,R,R,R,R,S,R,S,R,R,R,R,,,,,,,,,
573.14431,EKP,S,,R,R,R,R,R,R,R,R,R,S,R,S,S,R,R,R,,,,,,,,,
573.14161,EKP,R,,R,R,R,R,R,R,R,R,R,S,S,S,S,R,R,R,,,,,,,,,
573.13967,EKP,S,,R,R,S,S,R,S,S,S,R,S,S,S,S,S,R,R,,,,,,,,,
573.14438,EKP,R,,R,R,R,R,R,R,R,R,R,R,R,S,S,S,R,R,,,,,,,,,
573.14107,EKP,S,,R,R,R,R,R,R,R,R,R,S,S,S,S,R,R,R,,,,,,,,,
573.13143,EKP,R,,R,R,R,R,R,R,R,R,R,R,R,S,R,R,R,R,,,,,,,,,
573.13013,EKP,S,,S,S,S,S,S,S,S,S,S,S,S,S,S,S,S,R,,,,,,,,,
573.13343,EKP,R,,R,R,R,R,R,R,R,R,R,R,S,S,R,S,R,R,,,,,,,,,
573.13261,EKP,R,,R,R,R,R,R,R,R,R,R,S,S,S,R,R,R,R,,,,,,,,,
573.14307,EKP,R,,R,R,R,R,R,R,R,R,R,R,S,S,S,R,R,R,,,,,,,,,
573.13661,EKP,R,,R,R,R,R,R,R,R,S,R,R,S,S,S,S,R,R,,,,,,,,,
573.12892,EKP,R,,,R,R,R,R,R,S,R,S,S,S,S,S,R,R,R,,,,,,,,,
573.13927,EKP,S,,R,R,R,R,R,R,R,R,R,S,S,S,S,R,S,R,,,,,,,,,
573.14506,EKP,R,,R,R,R,R,R,R,R,R,R,S,R,S,S,R,R,R,,,,,,,,,
573.13779,EKP,R,,R,R,R,R,R,R,R,R,R,S,S,S,S,R,R,R,,,,,,,,,
573.13585,EKP,R,,R,R,R,R,R,R,R,R,R,R,S,S,R,R,R,R,,,,,,,,,
573.14277,EKP,R,,R,R,R,R,R,R,S,R,R,R,S,S,S,R,R,R,,,,,,,,,
573.13673,EKP,R,,R,R,R,R,R,R,R,R,R,R,S,S,S,R,R,R,,,,,,,,,
573.13731,EKP,S,,R,R,R,R,R,R,R,R,R,R,R,S,S,S,R,R,,,,,,,,,
573.13054,EKP,R,,R,R,R,R,R,R,R,R,R,R,S,S,S,R,R,R,,,,,,,,,
573.13217,EKP,R,,R,R,R,R,R,R,R,R,R,R,R,S,R,R,R,R,,,,,,,,,
573.13304,EKP,R,,R,R,R,R,R,R,S,R,R,R,S,S,S,R,R,R,,,,,,,,,
573.13628,EKP,R,,R,R,R,R,R,R,R,R,R,S,S,S,S,R,R,R,,,,,,,,,
573.1421,EKP,S,,R,R,R,R,R,R,R,R,R,S,R,S,S,R,R,R,,,,,,,,,
573.14478,EKP,S,,R,R,R,R,R,R,R,R,R,R,S,S,S,S,R,R,,,,,,,,,
573.14309,EKP,S,,R,S,R,S,R,R,S,S,R,S,S,S,S,S,S,R,,,,,,,,,
573.13752,EKP,S,,R,S,R,R,R,R,S,R,R,S,S,S,R,R,R,R,,,,,,,,,
573.13011,EKP,R,,,R,R,R,R,R,R,R,R,S,R,S,R,R,S,R,,,,,,,,,
573.14375,EKP,R,,R,R,R,R,R,R,R,R,R,R,S,S,S,R,R,R,,,,,,,,,
573.14465,EKP,R,,R,R,R,R,R,R,R,R,R,R,R,S,R,R,R,R,,,,,,,,,
573.13883,EKP,S,,R,R,R,R,R,R,R,R,R,S,S,S,S,R,R,R,,,,,,,,,
573.13905,EKP,R,,R,R,R,R,R,R,R,R,R,R,S,S,S,R,S,R,,,,,,,,,
573.12927,EKP,S,,S,S,S,S,S,S,S,S,S,S,S,S,S,S,S,R,,,,,,,,,
573.13937,EKP,R,,R,R,R,R,R,R,R,R,R,S,R,S,R,R,R,R,,,,,,,,,
573.14055,EKP,S,,R,R,R,R,R,R,R,R,S,S,S,S,S,S,S,R,,,,,,,,,
573.14548,EKP,R,,R,R,R,R,R,R,R,R,R,R,S,S,S,R,S,R,,,,,,,,,
573.14416,EKP,R,,R,R,R,R,R,R,R,R,R,R,S,S,S,R,R,R,,,,,,,,,
573.13881,EKP,S,,R,R,R,R,R,R,R,R,R,S,R,S,S,R,R,R,,,,,,,,,
573.14052,EKP,R,,R,R,R,R,R,R,R,R,R,R,R,S,R,R,R,R,,,,,,,,,
573.14077,EKP,S,,R,R,R,R,R,R,R,R,R,R,S,S,S,,R,R,,,,,,,,,
573.13126,EKP,R,,R,R,R,R,R,R,R,R,R,R,S,S,S,R,R,R,,,,,,,,,
573.1379,EKP,R,,R,R,R,R,R,R,R,R,R,S,R,S,R,R,R,R,,,,,,,,,
573.14443,EKP,R,,R,R,R,R,R,R,S,R,S,R,S,S,S,R,R,R,,,,,,,,,
573.13637,EKP,R,,R,S,R,R,R,R,S,R,R,R,S,S,S,S,R,R,,,,,,,,,
573.14283,EKP,R,,R,R,R,R,R,R,R,R,R,R,S,S,R,R,R,R,,,,,,,,,
573.14436,EKP,R,,R,R,R,R,R,R,R,R,R,R,S,S,S,R,R,R,,,,,,,,,
573.13118,EKP,S,,R,R,R,R,R,R,S,R,S,S,S,S,S,R,S,R,,,,,,,,,
573.13907,EKP,R,,R,R,R,R,R,R,R,R,R,R,S,S,S,R,R,R,,,,,,,,,
573.14471,EKP,S,,R,R,R,R,R,R,R,R,R,R,R,S,S,S,R,R,,,,,,,,,
573.13075,EKP,S,,R,R,R,R,R,R,R,R,R,R,R,S,S,S,R,R,,,,,,,,,
573.13424,EKP,S,,R,R,R,R,R,R,R,R,S,S,S,S,S,R,R,R,,,,,,,,,
573.12936,EKP,R,,,R,R,R,R,R,R,R,R,S,R,S,R,R,R,R,,,,,,,,,
573.13108,EKP,R,,R,R,R,R,R,R,R,R,R,R,R,S,R,S,R,R,,,,,,,,,
573.14242,EKP,R,,R,R,R,R,R,R,R,R,R,R,R,S,R,R,R,R,,,,,,,,,
573.13757,EKP,R,,R,R,R,R,R,R,R,R,R,R,S,S,S,S,R,R,,,,,,,,,
573.13534,EKP,R,,R,R,R,R,R,R,R,S,R,S,S,S,S,,R,R,,,,,,,,,
573.13677,EKP,R,,R,R,R,R,R,R,R,R,S,S,S,S,S,,R,R,,,,,,,,,
573.13163,EKP,R,,R,R,R,R,R,R,R,R,R,S,R,S,R,R,R,R,,,,,,,,,
573.13119,EKP,R,,R,R,R,R,R,R,R,R,R,S,S,S,R,S,R,R,,,,,,,,,
573.1346,EKP,R,,S,R,R,R,R,R,R,R,S,S,S,S,S,S,S,R,,,,,,,,,
573.13828,EKP,R,,R,R,R,R,R,R,R,R,R,R,S,S,S,R,R,R,,,,,,,,,
573.12903,EKP,S,,S,S,S,S,R,S,S,S,S,S,S,S,S,S,R,R,,,,,,,,,
573.14031,EKP,R,,R,R,R,R,R,R,R,R,R,S,S,S,R,R,R,R,,,,,,,,,
573.13968,EKP,S,,R,R,R,S,R,R,R,R,S,S,S,S,S,R,S,R,,,,,,,,,
573.12978,EKP,S,,R,R,S,S,R,S,R,S,S,S,S,S,S,S,R,R,,,,,,,,,
573.13582,EKP,S,,R,R,R,R,R,R,R,R,S,R,S,S,S,R,R,R,,,,,,,,,
573.13401,EKP,S,,R,S,S,S,S,S,S,S,R,S,S,S,S,S,R,R,,,,,,,,,
573.14169,EKP,R,,R,R,R,R,R,R,S,R,R,R,S,S,S,R,R,R,,,,,,,,,
573.13792,EKP,R,,R,R,R,R,R,R,S,R,R,R,S,S,S,R,R,R,,,,,,,,,
573.13136,EKP,S,,R,R,R,R,R,R,R,S,R,S,R,S,S,S,R,R,,,,,,,,,
573.13137,EKP,S,,S,S,R,R,R,S,S,S,R,S,S,S,S,S,R,R,,,,,,,,,
573.14365,EKP,S,,R,R,R,S,R,S,S,S,R,S,S,S,S,S,S,R,,,,,,,,,
573.13446,EKP,S,,R,R,R,R,R,R,R,R,R,R,S,S,S,S,R,R,,,,,,,,,
573.13294,EKP,S,,R,R,R,R,R,R,R,R,R,S,S,S,S,R,R,R,,,,,,,,,
573.14181,EKP,R,,R,R,R,R,R,R,R,R,R,R,R,S,R,R,R,R,,,,,,,,,
573.14222,EKP,R,,R,R,R,R,R,R,R,R,R,R,R,S,S,S,R,R,,,,,,,,,
573.13091,EKP,R,,R,R,R,R,R,R,S,S,R,R,S,S,S,,R,R,,,,,,,,,
573.13291,EKP,R,,R,R,R,R,R,R,R,R,R,R,S,S,R,S,R,R,,,,,,,,,
573.13318,EKP,R,,R,R,R,R,R,R,S,R,S,R,S,S,S,R,R,R,,,,,,,,,
573.14117,EKP,S,,R,R,R,R,R,R,S,R,R,S,S,S,S,R,R,R,,,,,,,,,
573.1372,EKP,R,,R,R,R,R,R,R,S,R,R,S,S,S,S,R,R,R,,,,,,,,,
573.13457,EKP,S,,R,R,R,R,R,R,R,R,R,S,S,S,S,R,S,R,,,,,,,,,
573.13253,EKP,S,,R,R,R,R,R,R,R,R,R,S,S,S,S,R,S,R,,,,,,,,,
573.13819,EKP,R,,R,R,R,R,R,R,R,R,R,R,R,S,R,R,R,R,,,,,,,,,
573.12858,EKP,R,,,R,R,R,R,R,S,R,R,R,S,S,S,R,R,R,,,,,,,,,
573.12891,EKP,R,,,R,R,R,R,R,R,R,R,R,S,S,S,R,R,R,,,,,,,,,
573.13808,EKP,R,,R,R,R,R,R,R,R,R,R,S,R,S,R,R,R,R,,,,,,,,,
573.14248,EKP,S,,R,R,R,R,R,R,R,R,R,R,S,S,S,S,R,R,,,,,,,,,
573.14351,EKP,S,,R,R,R,R,R,R,R,R,R,S,S,S,S,S,R,R,,,,,,,,,
573.1373,EKP,R,,R,S,R,R,R,R,S,R,R,R,S,S,S,R,R,R,,,,,,,,,
573.13088,EKP,R,,R,R,R,R,R,R,R,R,R,R,R,S,R,R,R,R,,,,,,,,,
573.14314,EKP,R,,R,R,R,R,R,R,R,R,R,R,R,S,R,,R,R,,,,,,,,,
573.14424,EKP,R,,R,R,R,R,R,R,R,R,R,S,S,S,S,R,R,R,,,,,,,,,
573.1431,EKP,R,,R,R,R,R,R,R,R,R,R,R,R,S,S,R,R,R,,,,,,,,,
573.12885,EKP,S,,S,S,S,S,S,S,S,S,S,S,S,S,S,S,S,R,,,,,,,,,
573.1387,EKP,S,,R,S,R,R,R,R,S,R,S,S,S,S,S,R,S,R,,,,,,,,,
573.13629,EKP,R,,R,R,R,R,R,R,R,R,R,S,S,S,R,R,R,R,,,,,,,,,
573.13014,EKP,R,,,R,R,R,R,R,R,R,R,R,S,S,S,S,S,R,,,,,,,,,
573.13416,EKP,S,,R,R,R,R,R,R,R,R,R,R,S,S,S,S,R,R,,,,,,,,,
573.12868,EKP,S,,S,S,S,S,S,S,S,S,S,S,S,S,S,S,S,R,,,,,,,,,
573.13858,EKP,R,,R,R,R,R,R,R,R,R,R,R,S,S,S,R,R,R,,,,,,,,,
573.13992,EKP,R,,R,R,R,R,R,R,R,R,R,R,S,S,S,R,R,R,,,,,,,,,
573.12912,EKP,S,,S,S,S,S,S,S,S,S,S,S,S,S,S,S,S,R,,,,,,,,,
573.13528,EKP,R,,R,R,R,R,R,R,R,R,R,S,S,S,R,S,S,R,,,,,,,,,
573.13529,EKP,R,,R,R,R,R,R,R,R,R,R,R,S,S,R,S,R,R,,,,,,,,,
573.13964,EKP,R,,R,R,R,R,R,R,R,R,R,R,S,S,S,R,R,R,,,,,,,,,
573.13219,EKP,R,,R,R,R,R,R,R,R,R,R,R,R,S,R,R,R,R,,,,,,,,,
573.13085,EKP,R,,R,R,R,R,R,R,R,R,S,R,S,S,R,S,R,R,,,,,,,,,
573.13255,EKP,R,,R,R,R,R,R,R,R,R,R,R,R,S,R,R,R,R,,,,,,,,,
573.13488,EKP,R,,R,R,R,R,R,R,R,R,R,S,S,S,S,R,R,R,,,,,,,,,
573.13476,EKP,R,,R,R,R,S,R,S,R,S,R,R,S,S,R,R,R,R,,,,,,,,,
573.13378,EKP,R,,R,R,R,R,R,R,R,R,R,S,R,S,R,R,R,R,,,,,,,,,
573.13765,EKP,R,,R,R,R,R,R,R,R,R,R,R,S,S,R,R,R,R,,,,,,,,,
573.13117,EKP,R,,R,R,R,R,R,R,R,R,R,R,S,S,S,S,R,R,,,,,,,,,
573.13701,EKP,S,,R,R,R,R,R,R,S,R,S,S,S,S,S,R,R,R,,,,,,,,,
573.13146,EKP,S,,R,R,R,R,S,R,S,R,S,S,S,S,S,S,R,R,,,,,,,,,
573.14094,EKP,R,,R,R,R,R,R,R,R,R,S,R,S,S,S,R,R,R,,,,,,,,,
573.13042,EKP,R,,R,R,R,R,R,R,R,R,R,R,R,S,R,R,R,R,,,,,,,,,
573.13743,EKP,R,,R,R,R,R,R,R,R,R,R,S,S,S,R,R,S,R,,,,,,,,,
573.13924,EKP,S,,R,S,R,S,R,R,S,R,S,S,S,S,S,R,R,R,,,,,,,,,
573.14212,EKP,R,,R,R,R,R,R,R,R,R,R,R,S,S,S,S,R,R,,,,,,,,,
573.13626,EKP,S,,R,R,R,R,R,R,R,R,R,S,S,S,S,S,S,R,,,,,,,,,
573.14437,EKP,S,,R,R,R,R,R,R,R,R,R,S,R,S,S,R,R,R,,,,,,,,,
573.14504,EKP,R,,R,R,R,R,R,R,R,R,R,R,S,S,S,S,R,R,,,,,,,,,
573.13316,EKP,R,,R,R,R,R,R,R,R,R,R,R,S,S,S,R,S,R,,,,,,,,,
573.14219,EKP,R,,R,R,R,R,R,R,S,R,R,R,S,S,S,R,R,R,,,,,,,,,
573.13308,EKP,R,,R,R,R,R,R,R,R,R,R,R,S,S,S,R,R,R,,,,,,,,,
573.13411,EKP,S,,R,S,R,R,R,R,S,R,S,S,S,S,S,R,S,R,,,,,,,,,
573.14549,EKP,S,,R,R,R,R,R,R,R,R,R,R,R,S,S,S,S,R,,,,,,,,,
573.1441,EKP,R,,R,S,R,R,R,R,S,R,S,R,S,S,S,,R,R,,,,,,,,,
573.12983,EKP,S,,S,S,S,S,S,S,S,S,S,S,S,S,S,S,S,R,,,,,,,,,
573.14026,EKP,R,,R,R,R,R,R,R,S,R,S,R,S,S,S,R,R,R,,,,,,,,,
573.13784,EKP,R,,R,R,R,R,R,R,R,R,R,R,R,S,R,R,R,R,,,,,,,,,
573.13259,EKP,R,,R,R,R,R,R,R,R,R,R,R,R,S,S,R,R,R,,,,,,,,,
573.14182,EKP,R,,R,R,R,R,R,R,R,R,R,R,S,S,R,R,R,R,,,,,,,,,
573.13084,EKP,R,,R,R,R,R,R,R,R,R,R,R,S,S,R,R,R,R,,,,,,,,,
573.1358,EKP,R,,R,R,R,R,R,R,R,R,R,S,S,S,S,R,R,R,,,,,,,,,
573.14311,EKP,R,,R,R,R,R,R,R,R,R,R,R,R,S,S,R,R,R,,,,,,,,,
573.13072,EKP,R,,R,R,R,R,R,R,R,R,R,R,S,S,S,R,R,R,,,,,,,,,
573.13442,EKP,S,,R,R,R,R,R,R,S,R,S,S,S,S,S,R,R,R,,,,,,,,,
573.13404,EKP,R,,R,R,R,R,R,R,R,R,R,S,S,S,S,R,R,R,,,,,,,,,
573.13059,EKP,R,,R,R,R,R,R,R,R,R,R,S,S,S,S,S,R,R,,,,,,,,,
573.14188,EKP,R,,R,R,R,R,R,R,R,S,R,R,S,S,S,S,R,R,,,,,,,,,
573.14088,EKP,R,,R,R,R,R,R,R,R,R,R,R,S,S,S,S,R,R,,,,,,,,,
573.12926,EKP,S,,S,S,S,S,S,S,S,S,S,S,S,S,S,S,S,R,,,,,,,,,
573.13322,EKP,R,,R,R,R,R,R,R,R,R,R,R,S,S,R,R,R,R,,,,,,,,,
573.13503,EKP,R,,R,R,R,R,R,R,R,R,R,S,R,S,R,R,R,R,,,,,,,,,
573.14039,EKP,S,,R,R,R,R,R,R,R,R,R,R,S,S,S,S,R,R,,,,,,,,,
573.13558,EKP,R,,R,R,R,R,R,R,R,R,R,R,S,S,S,R,R,R,,,,,,,,,
573.12993,EKP,S,,S,S,S,S,R,S,S,S,S,S,S,S,S,S,S,R,,,,,,,,,
573.14475,EKP,R,,R,R,R,R,R,R,R,R,R,S,R,S,R,R,S,R,,,,,,,,,
573.13069,EKP,R,,R,R,R,R,R,R,R,R,R,R,S,S,R,R,R,R,,,,,,,,,
573.14385,EKP,R,,R,R,R,R,R,R,R,R,R,S,R,S,R,R,R,R,,,,,,,,,
573.13588,EKP,R,,R,R,R,R,R,R,R,R,R,R,S,S,S,R,R,R,,,,,,,,,
573.13603,EKP,S,,R,R,R,R,R,R,R,R,R,S,R,S,S,R,R,R,,,,,,,,,
573.13733,EKP,S,,R,R,R,R,R,R,R,R,S,S,S,S,S,R,R,R,,,,,,,,,
573.13962,EKP,R,,S,R,R,R,R,S,R,,S,S,S,S,S,S,S,R,,,,,,,,,
573.14388,EKP,R,,R,R,R,R,R,R,R,R,R,S,R,S,R,R,R,R,,,,,,,,,
573.13043,EKP,R,,R,R,R,R,R,R,S,S,R,R,S,S,S,,R,R,,,,,,,,,
573.14361,EKP,S,,R,R,R,R,R,R,R,R,R,S,S,S,S,S,R,R,,,,,,,,,
573.14496,EKP,R,,R,R,R,R,R,S,R,R,R,R,S,S,R,S,R,R,,,,,,,,,
573.14237,EKP,R,,R,S,R,R,R,R,S,R,R,S,S,S,S,R,R,R,,,,,,,,,
573.13208,EKP,R,,R,R,R,R,R,R,R,R,R,R,S,S,R,R,R,R,,,,,,,,,
573.13836,EKP,S,,R,R,R,R,R,R,R,S,R,R,R,S,S,,R,R,,,,,,,,,
573.13198,EKP,S,,R,S,R,R,R,R,S,R,R,S,S,S,S,R,S,R,,,,,,,,,
573.13987,EKP,R,,R,R,R,R,R,R,R,R,R,R,S,S,S,R,R,R,,,,,,,,,
573.12945,EKP,R,,,R,R,R,R,R,R,R,R,R,S,S,S,S,S,R,,,,,,,,,
573.13671,EKP,S,,R,R,R,R,R,R,S,R,S,S,S,S,S,S,S,R,,,,,,,,,
573.12973,EKP,R,,,R,R,R,R,R,R,R,S,R,S,S,S,R,R,R,,,,,,,,,
573.14348,EKP,R,,R,R,R,R,R,R,R,R,R,R,S,S,S,R,R,R,,,,,,,,,
573.13008,EKP,R,,,R,R,R,R,R,R,R,R,R,S,S,S,R,R,R,,,,,,,,,
573.12979,EKP,R,,,S,R,R,R,R,S,R,S,S,S,S,S,R,R,R,,,,,,,,,
573.13568,EKP,R,,R,R,R,R,R,R,S,R,R,R,S,S,R,R,R,R,,,,,,,,,
573.13694,EKP,S,,R,R,R,R,R,R,R,R,R,S,S,S,S,R,R,R,,,,,,,,,
573.13509,EKP,R,,R,R,R,R,R,R,S,R,R,S,S,S,S,R,R,R,,,,,,,,,
573.14198,EKP,R,,R,R,R,S,R,R,R,R,S,R,S,S,S,R,R,R,,,,,,,,,
573.13165,EKP,R,,R,R,R,R,R,R,S,R,R,R,S,S,S,R,R,R,,,,,,,,,
573.12942,EKP,R,,,R,R,R,R,R,R,R,S,R,S,S,S,S,S,R,,,,,,,,,
573.13095,EKP,R,,R,R,R,R,R,R,R,R,R,R,R,S,S,R,R,R,,,,,,,,,
573.13504,EKP,S,,R,R,R,R,R,R,R,R,R,S,S,S,S,R,S,R,,,,,,,,,
573.12969,EKP,R,,,R,R,R,R,R,R,R,R,R,S,S,S,R,R,R,,,,,,,,,
573.14226,EKP,R,,R,R,R,R,R,R,R,R,R,R,R,S,R,R,R,R,,,,,,,,,
573.13766,EKP,R,,R,R,R,R,R,R,R,R,R,R,S,S,S,R,R,R,,,,,,,,,
573.1449,EKP,R,,R,R,R,R,R,R,R,R,S,S,S,S,S,R,R,R,,,,,,,,,
573.13176,EKP,R,,R,R,R,R,R,R,R,R,R,R,R,S,R,R,R,R,,,,,,,,,
573.14455,EKP,R,,R,R,R,R,R,R,R,R,R,R,R,S,S,R,R,R,,,,,,,,,
573.14377,EKP,S,,R,R,R,R,R,R,R,R,R,S,R,S,S,S,R,R,,,,,,,,,
573.14197,EKP,S,,R,R,R,R,R,R,R,R,R,R,R,S,S,,R,R,,,,,,,,,
573.13984,EKP,R,,R,R,R,R,R,R,R,R,R,R,S,S,S,R,R,R,,,,,,,,,
573.14051,EKP,R,,R,R,R,R,R,R,R,R,R,S,S,S,S,R,R,R,,,,,,,,,
573.14147,EKP,S,,R,R,R,R,R,R,R,,R,R,S,S,S,S,R,R,,,,,,,,,
573.14225,EKP,R,,R,R,R,R,R,R,R,R,R,R,R,S,S,,R,R,,,,,,,,,
573.14076,EKP,R,,R,R,R,R,R,R,R,R,R,S,S,S,R,R,R,R,,,,,,,,,
573.13293,EKP,S,,R,R,R,R,R,R,R,R,S,S,S,S,S,R,S,R,,,,,,,,,
573.13471,EKP,R,,R,R,R,R,R,R,S,R,R,R,S,S,S,R,R,R,,,,,,,,,
573.14427,EKP,R,,R,R,R,R,R,R,S,R,R,S,S,S,S,R,R,R,,,,,,,,,
573.13149,EKP,R,,R,R,R,R,R,R,R,R,R,S,S,S,S,R,R,R,,,,,,,,,
573.13764,EKP,S,,R,R,R,R,R,R,S,R,S,S,S,S,S,S,S,R,,,,,,,,,
573.13498,EKP,S,,R,S,R,R,R,R,S,R,R,S,S,S,S,S,S,R,,,,,,,,,
573.13554,EKP,R,,R,R,R,R,R,R,S,R,R,R,S,S,S,R,R,R,,,,,,,,,
573.13909,EKP,R,,R,R,R,R,R,R,R,R,R,R,R,S,S,R,R,R,,,,,,,,,
573.13449,EKP,R,,R,R,R,R,R,R,R,R,R,R,S,S,R,R,R,R,,,,,,,,,
573.14218,EKP,R,,R,R,R,R,R,R,R,R,R,R,S,S,R,R,R,R,,,,,,,,,
573.13834,EKP,S,,R,S,R,S,R,S,S,S,R,S,S,S,S,S,R,R,,,,,,,,,
573.13741,EKP,R,,R,R,R,R,R,R,R,R,R,R,S,S,S,R,S,R,,,,,,,,,
573.13565,EKP,R,,R,R,R,R,R,R,R,R,R,R,R,S,R,R,R,R,,,,,,,,,
573.14229,EKP,S,,R,S,R,R,R,R,S,R,R,S,R,S,S,S,S,R,,,,,,,,,
573.14373,EKP,R,,R,R,R,R,R,R,R,R,R,R,S,S,R,R,R,R,,,,,,,,,
573.13483,EKP,R,,R,R,R,R,R,R,R,R,R,R,R,S,S,R,R,R,,,,,,,,,
573.14296,EKP,R,,R,R,R,R,R,R,R,R,R,R,R,S,S,R,R,R,,,,,,,,,
573.14239,EKP,R,,R,R,R,R,R,R,R,R,R,R,R,S,R,R,R,R,,,,,,,,,
573.13859,EKP,R,,R,R,R,R,R,R,R,R,R,R,S,S,S,R,R,R,,,,,,,,,
573.13871,EKP,R,,R,R,R,R,R,R,R,R,R,R,S,S,S,R,R,R,,,,,,,,,
573.13046,EKP,S,,R,S,R,R,R,R,S,R,R,S,R,S,S,R,S,R,,,,,,,,,
573.14103,EKP,R,,R,R,R,R,R,R,R,R,S,S,S,S,S,R,R,R,,,,,,,,,
573.13093,EKP,R,,R,R,R,R,R,R,R,R,R,S,S,S,S,R,R,R,,,,,,,,,
573.13041,EKP,R,,R,R,R,R,R,S,R,R,R,R,S,S,R,R,R,R,,,,,,,,,
573.13581,EKP,R,,R,R,R,R,R,R,R,R,R,R,S,S,S,S,R,R,,,,,,,,,
573.14402,EKP,R,,R,R,R,R,R,R,S,R,R,R,S,S,S,R,R,R,,,,,,,,,
573.13128,EKP,R,,R,R,R,R,R,R,R,R,R,S,S,S,S,S,R,R,,,,,,,,,
573.13238,EKP,R,,R,R,R,R,R,R,R,,R,S,R,S,R,S,R,R,,,,,,,,,
573.12952,EKP,R,,,R,R,R,R,R,S,R,R,R,S,S,S,R,R,R,,,,,,,,,
573.13237,EKP,R,,R,R,R,R,R,R,R,R,R,R,R,S,R,R,R,R,,,,,,,,,
573.1397,EKP,S,,R,R,R,R,R,R,R,R,S,S,S,S,S,R,R,R,,,,,,,,,
573.13755,EKP,R,,R,R,R,R,R,R,R,R,R,R,S,S,S,S,R,R,,,,,,,,,
573.14175,EKP,R,,R,R,R,R,R,R,R,R,R,R,R,S,R,R,R,R,,,,,,,,,
573.13797,EKP,R,,R,R,R,R,R,R,R,R,R,R,R,S,R,R,R,R,,,,,,,,,
573.13305,EKP,S,,R,R,R,R,R,R,R,R,R,R,S,S,S,S,R,R,,,,,,,,,
573.14211,EKP,S,,R,R,R,R,R,R,R,R,S,S,S,S,S,,R,R,,,,,,,,,
573.13697,EKP,R,,R,R,R,R,R,R,R,R,R,R,S,S,S,R,R,R,,,,,,,,,
573.12971,EKP,R,,,R,R,R,R,R,S,R,R,R,S,S,S,R,R,R,,,,,,,,,
573.14509,EKP,R,,R,R,R,R,R,R,R,R,R,R,R,S,R,R,R,R,,,,,,,,,
573.13778,EKP,R,,R,R,R,R,R,R,R,R,R,R,S,S,R,R,R,R,,,,,,,,,
573.13974,EKP,R,,R,R,R,R,R,R,R,R,R,R,S,S,R,,S,R,,,,,,,,,
573.13365,EKP,S,,R,R,R,R,R,R,R,R,R,S,R,S,S,R,R,R,,,,,,,,,
573.14378,EKP,R,,R,R,R,R,R,R,R,R,R,R,R,S,R,S,R,R,,,,,,,,,
573.14335,EKP,R,,R,R,R,R,R,R,R,R,R,R,S,S,S,R,R,R,,,,,,,,,
573.14084,EKP,R,,R,R,R,R,R,R,R,R,R,S,R,S,R,R,R,R,,,,,,,,,
573.13347,EKP,R,,R,R,R,R,R,R,R,R,R,R,S,S,R,S,R,R,,,,,,,,,
573.14093,EKP,S,,R,R,R,R,R,R,R,R,R,R,S,S,S,S,R,R,,,,,,,,,
573.13986,EKP,R,,R,R,R,R,R,R,R,R,R,R,R,S,R,R,R,R,,,,,,,,,
573.1413,EKP,S,,R,R,R,R,R,R,R,R,R,R,S,S,S,R,R,R,,,,,,,,,
573.14266,EKP,R,,R,R,R,R,R,R,R,R,R,R,R,S,R,R,R,R,,,,,,,,,
573.14209,EKP,S,,R,R,R,R,R,R,R,R,R,R,S,S,S,R,R,R,,,,,,,,,
573.13644,EKP,S,,R,R,R,R,R,R,R,R,R,S,S,S,S,S,S,R,,,,,,,,,
573.12911,EKP,R,,,R,R,R,S,S,S,R,S,R,S,S,S,S,S,R,,,,,,,,,
573.1385,EKP,R,,R,R,R,R,R,R,R,R,R,S,S,S,R,R,R,R,,,,,,,,,
573.14131,EKP,S,,R,R,R,R,R,R,R,R,S,S,S,S,S,R,S,R,,,,,,,,,
573.13678,EKP,R,,R,R,R,R,R,R,R,R,R,R,S,S,S,R,R,R,,,,,,,,,
573.13692,EKP,R,,R,R,R,R,R,R,R,S,R,S,R,S,S,S,R,R,,,,,,,,,
573.13903,EKP,S,,R,R,R,R,R,R,R,R,R,S,S,S,S,R,S,R,,,,,,,,,
573.14517,EKP,S,,R,R,R,R,R,R,R,R,R,R,R,S,S,R,R,R,,,,,,,,,
573.14292,EKP,S,,R,R,R,R,R,R,R,R,R,R,R,S,S,R,R,R,,,,,,,,,
573.14215,EKP,S,,R,R,R,R,R,R,R,R,S,S,S,S,S,R,S,R,,,,,,,,,
573.13148,EKP,S,,R,R,R,R,R,R,R,R,R,S,S,S,S,S,R,R,,,,,,,,,
573.13484,EKP,S,,R,R,R,R,R,R,S,R,S,S,S,S,S,R,S,R,,,,,,,,,
573.13803,EKP,R,,R,R,R,R,R,R,R,R,S,R,S,S,R,R,R,R,,,,,,,,,
573.13496,EKP,R,,R,R,R,R,R,R,R,R,R,R,S,S,S,R,R,R,,,,,,,,,
573.13744,EKP,R,,R,R,R,R,R,R,R,,R,S,S,S,S,,R,R,,,,,,,,,
573.14241,EKP,R,,R,R,R,R,R,R,R,R,R,R,S,S,R,R,R,R,,,,,,,,,
573.13272,EKP,R,,R,R,R,R,R,R,R,S,S,R,S,S,R,R,R,R,,,,,,,,,
573.14432,EKP,R,,R,R,R,R,R,R,R,R,R,R,S,S,S,R,R,R,,,,,,,,,
573.14523,EKP,R,,R,R,R,R,R,R,R,R,R,R,R,S,R,R,R,R,,,,,,,,,
573.13689,EKP,S,,R,R,R,R,R,R,R,S,R,S,R,S,S,S,R,R,,,,,,,,,
573.14389,EKP,R,,R,R,R,R,R,R,R,R,R,R,S,S,S,S,R,R,,,,,,,,,
573.14159,EKP,S,,R,R,R,R,R,R,R,R,R,R,S,S,S,S,R,R,,,,,,,,,
573.13908,EKP,R,,R,R,R,R,R,R,R,R,R,R,R,S,S,R,R,R,,,,,,,,,
573.13542,EKP,R,,R,R,R,R,R,R,R,R,R,R,S,S,S,R,R,R,,,,,,,,,
573.12999,EKP,R,,,R,R,R,R,R,S,R,R,R,S,S,S,R,R,R,,,,,,,,,
573.1417,EKP,S,,R,R,R,R,R,R,S,R,R,S,S,S,S,R,S,R,,,,,,,,,
573.12974,EKP,R,,,R,R,R,R,R,S,R,R,S,S,S,S,R,R,R,,,,,,,,,
573.14313,EKP,R,,R,R,R,R,R,R,R,R,R,S,R,S,R,R,R,R,,,,,,,,,
573.14154,EKP,R,,R,R,R,R,R,R,R,S,R,R,S,S,S,,S,R,,,,,,,,,
573.13018,EKP,S,,,R,R,R,R,R,R,R,S,S,S,S,S,R,S,R,,,,,,,,,
573.14184,EKP,R,,R,R,R,R,R,R,R,R,R,R,R,S,R,R,R,R,,,,,,,,,
573.13474,EKP,R,,R,R,R,S,R,S,R,S,R,R,S,S,R,R,R,R,,,,,,,,,
573.12879,EKP,R,,,R,R,R,R,R,R,R,S,R,S,S,S,S,R,R,,,,,,,,,
573.13857,EKP,S,,R,R,R,R,R,R,R,R,S,S,S,S,S,R,R,R,,,,,,,,,
573.14017,EKP,S,,R,R,R,R,R,R,R,,R,R,S,S,S,S,R,R,,,,,,,,,
573.14356,EKP,R,,R,R,R,R,R,R,R,R,R,R,S,S,S,R,R,R,,,,,,,,,
573.14447,EKP,R,,R,R,R,R,R,R,R,R,R,R,R,S,S,,R,R,,,,,,,,,
573.14086,EKP,R,,R,R,R,R,R,R,R,R,R,R,S,S,S,S,R,R,,,,,,,,,
573.14254,EKP,R,,R,R,R,R,R,R,R,R,R,R,S,S,R,R,R,R,,,,,,,,,
573.14124,EKP,R,,R,R,R,R,R,R,R,R,R,R,S,S,S,R,S,R,,,,,,,,,
573.13066,EKP,R,,R,R,R,R,R,R,R,R,S,S,S,S,R,S,R,R,,,,,,,,,
573.1434,EKP,S,,R,R,R,R,R,R,R,R,R,S,S,S,S,R,S,R,,,,,,,,,
573.1445,EKP,S,,R,R,R,R,R,R,R,R,R,S,S,S,S,R,S,R,,,,,,,,,
573.13758,EKP,S,,R,R,R,R,R,R,R,R,R,S,S,S,S,R,S,R,,,,,,,,,
573.13434,EKP,R,,R,R,R,R,R,R,R,R,R,R,R,S,S,S,R,R,,,,,,,,,
573.13097,EKP,S,,R,R,R,R,R,R,R,R,R,S,R,S,S,R,R,R,,,,,,,,,
573.12986,EKP,S,,S,S,S,S,S,S,S,S,S,S,S,S,S,S,S,R,,,,,,,,,
573.13325,EKP,S,,R,S,R,R,R,R,S,R,R,S,S,S,S,R,S,R,,,,,,,,,
573.13785,EKP,S,,R,R,R,R,R,R,R,R,R,S,S,S,S,R,R,R,,,,,,,,,
573.13863,EKP,R,,R,R,R,R,R,R,R,R,R,R,S,S,S,R,R,R,,,,,,,,,
573.13157,EKP,R,,R,R,R,R,R,R,R,R,S,R,S,S,R,S,R,R,,,,,,,,,
573.14128,EKP,R,,R,R,R,R,R,R,R,R,R,S,S,S,R,R,R,R,,,,,,,,,
573.13243,EKP,R,,R,R,R,R,R,R,R,R,R,R,S,S,S,S,S,R,,,,,,,,,
573.13846,EKP,S,,R,R,R,R,R,R,R,R,R,S,R,S,S,R,R,R,,,,,,,,,
573.13196,EKP,S,,R,R,R,R,R,R,R,R,R,R,S,S,S,R,R,R,,,,,,,,,
573.14257,EKP,R,,R,R,R,R,R,R,R,R,R,S,S,S,S,R,R,R,,,,,,,,,
573.14398,EKP,S,,R,R,R,R,R,R,R,R,S,S,S,S,S,R,S,R,,,,,,,,,
573.13311,EKP,S,,R,R,R,R,R,R,R,R,R,R,S,S,S,R,R,R,,,,,,,,,
573.1402,EKP,S,,R,R,R,R,R,R,R,R,R,R,S,S,S,S,R,R,,,,,,,,,
573.13234,EKP,R,,R,R,R,R,R,R,R,R,R,R,R,S,R,R,R,R,,,,,,,,,
573.13725,EKP,R,,R,R,R,R,R,R,R,R,R,R,R,S,R,R,R,R,,,,,,,,,
573.12943,EKP,S,,S,S,S,S,S,S,S,S,S,S,S,S,S,S,S,R,,,,,,,,,
573.13532,EKP,R,,R,R,R,R,R,R,S,R,R,R,S,S,S,R,R,R,,,,,,,,,
573.13256,EKP,R,,R,R,R,R,R,R,R,R,R,R,S,S,S,R,R,R,,,,,,,,,
573.14142,EKP,S,,R,R,R,R,R,R,R,R,R,S,S,S,S,,R,R,,,,,,,,,
573.13037,EKP,R,,R,R,R,R,R,R,R,R,R,R,R,S,R,R,R,R,,,,,,,,,
573.1443,EKP,R,,R,R,R,R,R,R,R,R,R,R,R,S,S,R,R,R,,,,,,,,,
573.13679,EKP,S,,R,R,R,R,R,R,R,R,S,S,S,S,S,R,R,R,,,,,,,,,
573.13957,EKP,S,,R,R,R,R,R,R,R,R,R,S,S,S,S,R,R,R,,,,,,,,,
573.14461,EKP,R,,R,R,R,R,R,R,R,R,R,S,S,S,S,,R,R,,,,,,,,,
573.14364,EKP,R,,R,R,R,R,R,R,R,R,R,R,R,S,R,R,R,R,,,,,,,,,
573.13393,EKP,S,,R,R,R,R,R,R,R,R,R,R,S,S,S,R,R,R,,,,,,,,,
573.13621,EKP,S,,R,R,R,R,R,R,R,R,R,R,S,S,S,R,R,R,,,,,,,,,
573.14542,EKP,R,,R,R,R,R,R,R,R,R,R,S,R,S,R,R,R,R,,,,,,,,,
573.13187,EKP,R,,R,R,R,R,R,R,R,R,R,R,S,S,S,R,R,R,,,,,,,,,
573.14485,EKP,R,,R,R,R,R,R,R,R,R,R,S,R,S,R,R,R,R,,,,,,,,,
573.14358,EKP,R,,R,R,R,R,R,R,R,R,R,R,S,S,R,R,R,R,,,,,,,,,
573.14392,EKP,S,,R,R,R,R,R,R,R,R,S,S,S,S,S,R,R,R,,,,,,,,,
573.13006,EKP,S,,S,S,S,S,S,S,S,S,S,S,S,S,S,S,R,R,,,,,,,,,
573.14276,EKP,R,,R,R,R,R,R,R,R,R,R,R,R,S,R,S,R,R,,,,,,,,,
573.14202,EKP,S,,R,R,R,R,R,R,R,R,R,S,S,S,S,S,R,R,,,,,,,,,
573.13861,EKP,R,,R,R,R,R,R,R,R,R,R,R,R,S,R,R,R,R,,,,,,,,,
573.13199,EKP,S,,R,S,R,R,R,R,S,R,R,S,S,S,S,S,S,R,,,,,,,,,
573.14479,EKP,R,,R,R,R,S,R,R,S,S,S,R,S,S,S,S,R,R,,,,,,,,,
573.14488,EKP,S,,R,R,R,R,R,R,R,,S,S,S,S,S,S,S,R,,,,,,,,,
573.13762,EKP,S,,R,R,R,R,R,R,R,R,R,S,S,S,S,R,S,R,,,,,,,,,
573.13729,EKP,S,,R,R,R,R,R,R,R,R,S,S,S,S,S,R,R,R,,,,,,,,,
573.12989,EKP,S,,S,S,S,S,S,S,S,S,S,S,S,S,S,S,S,R,,,,,,,,,
573.13635,EKP,R,,R,R,R,R,R,R,R,R,R,R,S,S,R,R,R,R,,,,,,,,,
573.13335,EKP,R,,R,R,R,R,R,R,S,R,R,R,S,S,S,R,R,R,,,,,,,,,
573.13089,EKP,S,,R,R,R,R,R,R,R,R,R,S,S,S,S,R,S,R,,,,,,,,,
573.14512,EKP,R,,R,R,R,R,R,R,R,R,R,S,R,S,R,,R,R,,,,,,,,,
573.14041,EKP,S,,R,R,R,R,R,R,R,R,R,R,S,S,S,R,R,R,,,,,,,,,
573.1386,EKP,S,,R,R,R,R,R,R,R,R,S,S,S,S,S,R,S,R,,,,,,,,,
573.13433,EKP,R,,R,R,R,R,R,R,R,R,R,R,R,S,R,R,R,R,,,,,,,,,
573.13624,EKP,S,,R,R,R,R,R,R,R,R,R,S,S,S,S,R,R,R,,,,,,,,,
573.14477,EKP,R,,R,R,R,R,R,R,R,R,R,R,S,S,R,R,R,R,,,,,,,,,
573.14236,EKP,S,,R,R,R,R,R,R,R,R,R,R,R,S,S,S,R,R,,,,,,,,,
573.13376,EKP,R,,R,R,R,R,R,R,R,R,R,S,S,S,S,R,R,R,,,,,,,,,
573.14459,EKP,S,,R,R,R,R,R,R,R,R,R,R,S,S,S,S,R,R,,,,,,,,,
573.14144,EKP,S,,R,R,R,R,R,R,R,,R,R,S,S,S,S,R,R,,,,,,,,,
573.13889,EKP,R,,R,R,R,R,R,R,R,R,R,R,S,S,S,R,R,R,,,,,,,,,
573.13083,EKP,R,,R,R,R,R,R,R,R,R,R,S,S,S,R,R,R,R,,,,,,,,,
573.13145,EKP,R,,R,R,R,R,R,R,R,R,R,R,R,S,R,R,R,R,,,,,,,,,
573.14216,EKP,R,,R,R,R,R,R,R,R,R,R,S,S,S,R,S,R,R,,,,,,,,,
573.12994,EKP,R,,,R,R,R,R,R,R,R,R,R,S,S,S,R,R,R,,,,,,,,,
573.14071,EKP,S,,R,R,R,R,R,R,S,R,R,S,S,S,S,S,R,R,,,,,,,,,
573.1353,EKP,R,,R,R,R,R,R,R,R,R,R,R,S,S,R,S,R,R,,,,,,,,,
573.13647,EKP,S,,R,R,R,R,R,R,R,R,S,S,S,S,S,S,R,R,,,,,,,,,
573.13015,EKP,S,,S,S,S,S,S,S,S,S,S,S,S,S,S,S,S,R,,,,,,,,,
573.13753,EKP,R,,R,R,R,R,R,R,R,R,R,R,S,S,S,S,R,R,,,,,,,,,
573.13002,EKP,S,,S,S,S,S,S,S,S,S,S,S,S,S,S,S,S,R,,,,,,,,,
573.14132,EKP,R,,R,R,R,R,R,R,R,R,R,R,S,S,S,R,S,R,,,,,,,,,
573.13223,EKP,S,,R,R,R,R,R,R,R,R,R,R,S,S,S,S,R,R,,,,,,,,,
573.14223,EKP,R,,R,R,R,R,R,R,R,R,R,R,R,S,R,R,R,R,,,,,,,,,
573.13552,EKP,R,,R,R,R,R,R,R,R,R,R,R,R,S,S,S,R,R,,,,,,,,,
573.14521,EKP,R,,R,R,R,R,R,R,R,R,R,R,R,S,S,S,R,R,,,,,,,,,
573.13959,EKP,S,,R,R,R,R,R,R,R,R,R,R,S,S,S,S,R,R,,,,,,,,,
573.14444,EKP,R,,R,R,R,R,R,R,R,R,R,R,S,S,R,R,R,R,,,,,,,,,
573.13771,EKP,S,,R,R,R,R,R,R,R,R,R,S,R,S,S,R,R,R,,,,,,,,,
573.13525,EKP,R,,R,R,R,R,R,R,R,R,R,R,S,S,R,R,R,R,,,,,,,,,
573.13703,EKP,R,,R,R,R,R,R,R,S,R,S,S,S,S,S,R,R,R,,,,,,,,,
573.14002,EKP,R,,R,R,R,R,R,R,R,R,R,R,S,S,S,R,R,R,,,,,,,,,
573.13392,EKP,R,,R,R,R,R,R,R,R,R,R,R,R,S,R,R,R,R,,,,,,,,,
573.13535,EKP,R,,R,R,R,R,R,R,R,R,R,S,R,S,S,R,R,R,,,,,,,,,
573.13211,EKP,R,,R,R,R,R,R,R,R,R,R,R,R,S,R,R,R,R,,,,,,,,,
573.12976,EKP,R,,,R,R,R,R,R,R,R,R,S,S,S,S,R,R,R,,,,,,,,,
573.13121,EKP,S,,R,R,R,R,R,R,R,R,R,R,S,S,S,S,R,R,,,,,,,,,
573.1453,EKP,S,,R,R,R,R,R,R,R,R,R,R,R,S,S,R,R,R,,,,,,,,,
573.13838,EKP,R,,R,R,R,R,R,R,R,R,R,S,S,S,R,S,R,R,,,,,,,,,
573.14319,EKP,R,,R,R,R,R,R,R,R,R,R,R,S,S,S,S,S,R,,,,,,,,,
573.1348,EKP,S,,R,S,R,R,R,R,S,S,R,S,S,S,S,S,S,R,,,,,,,,,
573.12977,EKP,R,,,R,R,R,R,R,R,R,R,R,S,S,S,R,R,R,,,,,,,,,
573.13437,EKP,R,,R,R,R,R,R,R,R,R,R,S,S,S,S,R,R,R,,,,,,,,,
573.14529,EKP,S,,R,R,R,R,R,R,R,R,R,S,S,S,S,R,R,R,,,,,,,,,
573.13691,EKP,R,,R,R,R,R,R,R,R,R,R,S,R,S,R,R,R,R,,,,,,,,,
573.12913,EKP,S,,,R,R,R,R,R,R,R,R,S,R,S,S,R,R,R,,,,,,,,,
573.13366,EKP,R,,R,R,R,S,R,R,S,S,S,R,S,S,S,S,S,R,,,,,,,,,
573.1419,EKP,R,,R,R,R,R,R,R,R,R,R,S,S,S,S,R,R,R,,,,,,,,,
573.13372,EKP,R,,R,R,R,R,R,R,R,R,R,S,S,S,S,R,R,R,,,,,,,,,
573.12881,EKP,S,,S,S,S,S,S,S,S,S,S,S,S,S,S,S,S,R,,,,,,,,,
573.14022,EKP,R,,R,R,R,R,R,R,R,R,R,R,R,S,R,R,S,R,,,,,,,,,
573.12887,EKP,R,,,R,R,R,R,R,R,R,R,R,S,S,R,R,R,R,,,,,,,,,
573.13822,EKP,S,,R,R,R,R,R,R,R,R,R,S,S,S,S,R,R,R,,,,,,,,,
573.13824,EKP,R,,R,R,R,R,R,R,R,R,S,R,S,S,R,S,R,R,,,,,,,,,
573.14441,EKP,R,,R,R,R,R,R,R,R,R,R,R,S,S,R,S,R,R,,,,,,,,,
573.13065,EKP,R,,R,R,R,R,R,R,R,R,R,R,R,S,R,R,R,R,,,,,,,,,
573.1375,EKP,R,,R,R,R,R,R,R,R,R,R,R,S,S,R,R,R,R,,,,,,,,,
573.13124,EKP,R,,R,R,R,R,R,R,R,R,R,R,S,S,S,R,R,R,,,,,,,,,
573.14462,EKP,R,,R,R,R,R,R,R,R,R,S,R,S,S,R,S,R,R,,,,,,,,,
573.13389,EKP,S,,R,R,R,R,R,R,R,R,R,S,R,S,S,R,R,R,,,,,,,,,
573.13161,EKP,R,,R,R,R,R,R,R,R,R,R,S,R,S,R,R,R,R,,,,,,,,,
573.13832,EKP,S,,R,R,R,R,R,R,R,R,R,S,S,S,S,R,S,R,,,,,,,,,
573.13849,EKP,R,,R,R,R,R,R,R,R,R,R,R,R,S,R,R,R,R,,,,,,,,,
573.14381,EKP,R,,R,R,R,R,R,R,R,R,R,R,S,S,S,R,R,R,,,,,,,,,
573.13174,EKP,S,,R,R,R,R,R,R,R,R,R,S,R,S,S,R,S,R,,,,,,,,,
573.13704,EKP,R,,R,R,R,R,R,R,R,R,R,R,R,S,S,R,R,R,,,,,,,,,
573.14016,EKP,S,,R,R,R,R,R,R,R,S,R,R,S,S,S,S,R,R,,,,,,,,,
573.13239,EKP,R,,R,R,R,R,R,R,R,R,R,R,S,S,R,,R,R,,,,,,,,,
573.13748,EKP,S,,R,S,R,S,R,R,S,R,S,S,S,S,S,R,R,R,,,,,,,,,
573.13122,EKP,R,,R,R,R,R,R,R,R,R,R,R,S,S,S,R,R,R,,,,,,,,,
573.13631,EKP,R,,R,R,R,R,R,R,R,R,R,S,S,S,S,R,R,R,,,,,,,,,
573.13751,EKP,S,,R,R,R,R,R,R,R,R,R,S,S,S,S,R,R,R,,,,,,,,,
573.13202,EKP,S,,R,R,R,R,R,R,R,S,R,R,S,S,S,S,R,R,,,,,,,,,
573.13873,EKP,R,,R,R,R,R,R,R,R,R,R,R,S,S,S,R,R,R,,,,,,,,,
573.1433,EKP,R,,R,R,R,R,R,R,R,R,R,R,S,S,R,R,R,R,,,,,,,,,
573.14221,EKP,R,,R,R,R,R,R,R,R,R,R,R,S,S,R,S,R,R,,,,,,,,,
573.14484,EKP,S,,R,R,R,R,R,R,R,R,R,S,S,S,S,S,R,R,,,,,,,,,
573.13345,EKP,R,,R,R,R,R,R,R,R,R,R,R,S,S,S,R,R,R,,,,,,,,,
573.13663,EKP,S,,R,S,R,R,R,S,S,R,S,S,S,S,S,S,S,R,,,,,,,,,
573.13999,EKP,R,,R,R,R,R,R,R,R,R,R,R,S,S,R,R,R,R,,,,,,,,,
573.13879,EKP,R,,R,R,R,R,R,R,R,R,R,S,R,S,R,R,R,R,,,,,,,,,
573.13027,EKP,S,,S,S,S,S,R,S,S,S,S,S,S,S,S,S,S,R,,,,,,,,,
573.13625,EKP,R,,R,R,R,R,R,R,R,R,R,S,S,S,S,R,R,R,,,,,,,,,
573.13749,EKP,R,,R,R,R,R,R,R,R,R,R,R,S,S,R,S,R,R,,,,,,,,,
573.14085,EKP,R,,R,R,R,R,R,R,R,R,R,R,R,S,S,R,R,R,,,,,,,,,
573.13844,EKP,S,,R,S,R,R,R,S,S,S,R,S,S,S,S,S,R,R,,,,,,,,,
573.13814,EKP,R,,R,R,R,R,R,R,R,R,R,R,S,S,S,R,R,R,,,,,,,,,
573.12961,EKP,S,,S,S,S,S,R,S,S,S,S,S,S,S,S,S,R,R,,,,,,,,,
573.13539,EKP,S,,R,R,R,R,R,R,R,R,R,R,S,S,S,R,R,R,,,,,,,,,
573.14111,EKP,R,,R,R,R,R,R,R,R,R,R,R,S,S,S,R,R,R,,,,,,,,,
573.14004,EKP,R,,R,R,R,R,R,R,R,R,R,S,S,S,S,R,R,R,,,,,,,,,
573.12867,EKP,S,,,R,R,R,R,R,R,R,R,S,R,S,S,R,S,R,,,,,,,,,
573.14126,EKP,S,,R,R,R,R,R,R,R,R,R,R,S,S,S,,R,R,,,,,,,,,
573.13716,EKP,R,,R,R,R,R,R,R,R,R,R,R,S,S,S,R,R,R,,,,,,,,,
573.12871,EKP,S,,S,S,S,S,S,S,S,S,S,S,S,S,S,S,S,R,,,,,,,,,
573.12878,EKP,S,,,R,R,R,R,R,R,R,R,S,S,S,S,R,R,R,,,,,,,,,
573.13382,EKP,S,,R,R,R,R,R,R,R,R,R,S,R,S,S,,R,R,,,,,,,,,
573.13364,EKP,R,,R,R,R,R,R,R,R,R,R,R,S,S,S,R,R,R,,,,,,,,,
573.13553,EKP,R,,R,R,R,S,R,R,R,S,R,R,S,S,R,R,S,R,,,,,,,,,
573.12919,EKP,S,,,R,R,R,R,R,R,R,R,R,S,S,S,R,R,R,,,,,,,,,
573.14498,EKP,R,,R,R,R,R,R,R,R,R,R,R,R,S,R,R,R,R,,,,,,,,,
573.13872,EKP,R,,R,R,R,R,R,R,R,R,R,S,R,S,S,R,R,R,,,,,,,,,
573.13611,EKP,R,,R,R,R,R,R,R,S,R,R,R,S,S,S,R,R,R,,,,,,,,,
573.13427,EKP,R,,R,R,R,R,R,R,R,R,R,R,R,S,S,S,R,R,,,,,,,,,
573.14187,EKP,R,,R,R,R,R,R,R,R,R,R,R,S,S,R,S,R,R,,,,,,,,,
573.12998,EKP,S,,S,S,S,S,S,S,S,S,S,S,S,S,S,S,S,R,,,,,,,,,
573.13526,EKP,S,,R,R,R,R,R,R,R,R,R,R,R,S,S,R,R,R,,,,,,,,,
573.14098,EKP,R,,R,R,R,R,R,R,R,R,R,S,R,S,R,,R,R,,,,,,,,,
573.14366,EKP,S,,R,R,R,R,R,R,R,R,S,S,S,S,S,R,R,R,,,,,,,,,
573.14487,EKP,S,,R,R,R,R,R,R,R,R,S,S,S,S,S,,S,R,,,,,,,,,
573.12876,EKP,R,,,R,R,R,R,R,R,R,R,S,S,S,S,R,R,R,,,,,,,,,
573.14367,EKP,S,,R,R,R,R,R,R,R,R,R,S,S,S,S,R,S,R,,,,,,,,,
573.13652,EKP,S,,R,R,R,R,R,R,R,R,R,R,S,S,S,R,R,R,,,,,,,,,
573.13885,EKP,S,,R,R,R,R,R,R,R,R,R,S,S,S,S,R,S,R,,,,,,,,,
573.13227,EKP,R,,R,R,R,R,R,R,R,R,R,R,S,S,R,S,R,R,,,,,,,,,
573.1429,EKP,R,,R,R,R,R,R,R,R,R,R,R,R,S,S,R,R,R,,,,,,,,,
573.12938,EKP,R,,,R,R,R,R,R,S,R,R,R,S,S,S,R,R,R,,,,,,,,,
573.14049,EKP,R,,R,R,R,R,R,R,R,R,R,R,S,S,R,R,R,R,,,,,,,,,
573.14233,EKP,R,,R,R,R,R,R,R,R,R,R,R,S,S,R,R,R,R,,,,,,,,,
573.14446,EKP,R,,R,R,R,R,R,R,R,R,R,R,R,S,S,S,R,R,,,,,,,,,
573.13886,EKP,R,,R,R,R,R,R,R,R,R,R,R,S,S,S,S,R,R,,,,,,,,,
573.12861,EKP,S,,S,S,S,S,S,S,S,S,S,S,S,S,S,S,S,R,,,,,,,,,
573.13941,EKP,S,,R,R,R,S,R,R,R,R,R,S,S,S,S,R,R,R,,,,,,,,,
573.14127,EKP,S,,R,R,R,R,R,R,R,R,R,R,S,S,S,R,R,R,,,,,,,,,
573.13599,EKP,R,,R,R,R,R,R,R,S,R,R,R,S,S,R,R,R,R,,,,,,,,,
573.13436,EKP,R,,R,R,R,R,R,R,R,R,R,S,S,S,S,R,R,R,,,,,,,,,
573.13717,EKP,R,,R,R,R,R,R,R,S,R,R,S,S,S,S,R,R,R,,,,,,,,,
573.14433,EKP,R,,R,R,R,R,R,R,R,R,R,R,R,S,S,S,R,R,,,,,,,,,
573.13811,EKP,R,,R,R,R,R,R,R,R,S,R,R,R,S,S,S,R,R,,,,,,,,,
573.13686,EKP,R,,R,R,R,R,R,R,R,R,R,R,R,S,S,R,R,R,,,,,,,,,
573.1383,EKP,R,,R,R,R,R,R,R,R,S,R,R,S,S,S,S,R,R,,,,,,,,,
573.13895,EKP,R,,R,R,R,R,R,R,R,R,S,R,S,S,R,S,R,R,,,,,,,,,
573.13353,EKP,R,,R,R,R,R,R,R,R,R,R,S,S,S,R,R,R,R,,,,,,,,,
573.14342,EKP,S,,R,R,R,R,R,R,R,R,R,R,R,S,S,R,R,R,,,,,,,,,
573.12923,EKP,S,,S,S,S,S,S,S,S,S,S,S,S,S,S,S,S,R,,,,,,,,,
573.13369,EKP,R,,R,R,R,R,R,R,R,R,R,R,R,S,S,R,R,R,,,,,,,,,
573.13396,EKP,R,,R,R,R,R,R,R,R,R,R,S,S,S,S,R,R,R,,,,,,,,,
573.14269,EKP,R,,R,R,R,R,R,R,R,R,R,R,R,S,R,R,R,R,,,,,,,,,
573.13235,EKP,S,,R,R,R,R,R,R,R,R,R,S,R,S,S,R,R,R,,,,,,,,,
573.1407,EKP,S,,R,R,R,R,R,R,S,R,S,S,S,S,S,S,R,R,,,,,,,,,
573.14194,EKP,R,,R,R,R,R,R,R,R,R,R,S,S,S,S,,R,R,,,,,,,,,
573.14359,EKP,R,,R,R,R,R,R,R,R,R,S,R,S,S,S,R,R,R,,,,,,,,,
573.13587,EKP,R,,R,R,R,R,R,R,R,R,R,S,R,S,R,R,R,R,,,,,,,,,
573.13516,EKP,S,,R,R,R,R,R,R,R,R,R,S,R,S,S,,R,R,,,,,,,,,
573.14238,EKP,R,,R,R,R,R,R,R,R,R,R,R,R,S,S,R,R,R,,,,,,,,,
573.14258,EKP,R,,R,R,R,R,R,R,R,R,R,S,S,S,S,R,R,R,,,,,,,,,
573.13472,EKP,R,,R,R,R,R,R,R,R,R,R,R,S,S,S,R,R,R,,,,,,,,,
573.14352,EKP,R,,R,R,R,R,R,R,R,R,R,S,R,S,R,S,R,R,,,,,,,,,
573.13491,EKP,R,,R,R,R,R,R,R,R,R,R,S,R,S,R,R,R,R,,,,,,,,,
573.13068,EKP,R,,R,R,R,R,R,R,R,R,R,R,R,S,R,R,R,R,,,,,,,,,
573.13061,EKP,S,,R,R,R,R,R,R,R,R,R,R,S,S,S,R,R,R,,,,,,,,,
573.13144,EKP,R,,R,R,R,R,R,R,R,R,R,S,S,S,S,R,R,R,,,,,,,,,
573.13514,EKP,R,,R,S,R,R,R,R,S,R,R,S,S,S,S,R,R,R,,,,,,,,,
573.13324,EKP,S,,R,R,R,R,R,R,R,R,R,S,S,S,S,S,R,R,,,,,,,,,
573.13312,EKP,R,,R,R,R,R,R,R,R,R,R,R,S,S,S,R,R,R,,,,,,,,,
573.14384,EKP,R,,R,R,R,R,R,R,R,R,R,S,S,S,S,S,R,R,,,,,,,,,
573.13884,EKP,R,,R,R,R,R,R,R,R,R,R,S,S,S,S,R,R,R,,,,,,,,,
573.13696,EKP,S,,R,R,R,R,R,R,R,R,R,S,S,S,S,R,R,R,,,,,,,,,
573.14196,EKP,S,,R,R,R,R,R,R,R,R,S,S,S,S,S,R,S,R,,,,,,,,,
573.13923,EKP,R,,R,R,R,R,R,R,R,R,R,R,R,S,R,R,R,R,,,,,,,,,
573.14442,EKP,S,,R,R,R,R,R,R,R,R,R,S,R,S,S,S,R,R,,,,,,,,,
573.14167,EKP,S,,R,R,R,R,R,R,R,R,R,S,R,S,S,S,R,R,,,,,,,,,
573.14445,EKP,R,,R,R,R,R,R,R,S,R,R,R,S,S,S,R,R,R,,,,,,,,,
573.13289,EKP,S,,R,R,R,R,R,R,R,R,R,S,R,S,S,S,R,R,,,,,,,,,
573.14494,EKP,S,,R,R,R,R,R,R,R,R,R,S,S,S,S,S,R,R,,,,,,,,,
573.14423,EKP,R,,R,R,R,R,R,R,S,R,R,R,S,S,S,R,R,R,,,,,,,,,
573.14153,EKP,R,,R,R,R,R,R,R,R,R,R,R,R,S,R,R,R,R,,,,,,,,,
573.13402,EKP,R,,R,R,R,R,R,R,R,R,R,R,R,S,R,S,S,R,,,,,,,,,
573.13658,EKP,S,,R,R,R,R,R,R,R,S,R,R,R,S,S,S,R,R,,,,,,,,,
573.13277,EKP,S,,R,R,R,R,R,R,S,R,R,S,S,S,S,S,R,R,,,,,,,,,
573.14034,EKP,R,,R,R,R,R,R,R,R,R,R,S,S,S,S,R,R,R,,,,,,,,,
573.14141,EKP,S,,R,R,R,R,S,S,R,,S,S,S,S,S,S,R,R,,,,,,,,,
573.13727,EKP,S,,R,R,R,R,R,R,R,R,R,S,S,S,S,R,R,R,,,,,,,,,
573.14099,EKP,S,,R,R,R,R,R,R,R,R,R,R,S,S,S,S,R,R,,,,,,,,,
573.1448,EKP,R,,R,R,R,R,R,R,R,R,R,S,R,S,R,R,R,R,,,,,,,,,
573.13943,EKP,S,,R,R,R,R,R,R,R,R,R,S,S,S,S,S,R,R,,,,,,,,,
573.13994,EKP,R,,R,R,R,R,R,R,R,R,R,S,S,S,S,R,R,R,,,,,,,,,
573.12985,EKP,S,,,S,S,S,S,S,S,S,S,S,S,S,S,S,S,R,,,,,,,,,
573.14394,EKP,R,,R,R,R,R,R,R,R,R,R,S,R,S,R,R,R,R,,,,,,,,,
573.13158,EKP,R,,R,R,R,R,R,R,R,R,R,S,S,S,R,R,S,R,,,,,,,,,
573.12934,EKP,S,,S,S,S,S,S,S,S,S,S,S,S,S,S,S,S,R,,,,,,,,,
573.12991,EKP,S,,S,S,S,S,S,S,S,S,S,S,S,S,S,S,S,R,,,,,,,,,
573.14003,EKP,R,,R,R,R,R,R,R,R,R,S,S,S,S,R,S,S,R,,,,,,,,,
573.14382,EKP,R,,R,R,R,R,R,R,R,R,R,S,R,S,R,R,R,R,,,,,,,,,
573.13848,EKP,R,,R,R,R,R,R,R,S,R,R,S,S,S,S,R,R,R,,,,,,,,,
573.13659,EKP,S,,R,R,R,R,R,R,R,R,S,S,S,S,S,R,R,R,,,,,,,,,
573.14267,EKP,R,,R,R,R,R,R,R,R,R,R,R,S,S,S,S,R,R,,,,,,,,,
573.13247,EKP,S,,R,R,R,R,R,R,R,R,R,S,R,S,S,S,R,R,,,,,,,,,
573.13319,EKP,R,,R,R,R,R,R,R,S,R,R,R,S,S,S,R,R,R,,,,,,,,,
573.13775,EKP,S,,R,R,R,R,R,R,R,R,R,S,S,S,S,R,S,R,,,,,,,,,
573.13336,EKP,S,,R,R,R,R,R,R,R,R,R,S,S,S,S,S,S,R,,,,,,,,,
573.13134,EKP,R,,R,R,R,S,R,R,S,S,S,R,S,S,S,S,R,R,,,,,,,,,
573.13896,EKP,R,,R,R,R,R,R,R,R,,R,R,S,S,R,S,R,R,,,,,,,,,
573.14525,EKP,R,,R,R,R,R,R,R,R,R,R,R,S,S,S,R,R,R,,,,,,,,,
573.14371,EKP,R,,R,R,R,R,R,R,R,R,R,R,R,S,R,R,R,R,,,,,,,,,
573.13953,EKP,R,,R,R,R,R,R,R,R,R,R,S,S,S,R,R,S,R,,,,,,,,,
573.13047,EKP,R,,R,R,R,R,R,R,S,R,R,S,S,S,S,R,R,R,,,,,,,,,
573.13966,EKP,R,,R,R,R,R,R,R,R,R,R,R,S,S,S,R,R,R,,,,,,,,,
573.14112,EKP,S,,R,R,R,R,R,R,R,R,S,S,S,S,S,R,R,R,,,,,,,,,
573.13643,EKP,S,,R,R,R,R,R,R,R,R,R,S,S,S,S,R,R,R,,,,,,,,,
573.14177,EKP,R,,R,R,R,R,R,R,R,R,R,R,S,S,R,R,R,R,,,,,,,,,
573.13523,EKP,R,,R,R,R,R,R,R,R,R,R,R,R,S,R,R,R,R,,,,,,,,,
573.14129,EKP,S,,R,R,R,R,R,R,R,R,R,S,S,S,S,R,R,R,,,,,,,,,
573.13738,EKP,R,,R,R,R,R,R,R,R,R,R,R,S,S,S,R,R,R,,,,,,,,,
573.13897,EKP,R,,R,S,R,R,R,R,S,R,R,S,S,S,S,R,R,R,,,,,,,,,
573.13418,EKP,R,,R,R,R,R,R,R,R,R,R,R,S,S,R,R,R,R,,,,,,,,,
573.13267,EKP,S,,R,R,R,R,R,R,R,R,R,R,S,S,S,R,R,R,,,,,,,,,
573.1442,EKP,R,,R,R,R,R,R,R,S,S,R,R,S,S,S,S,S,R,,,,,,,,,
573.13645,EKP,R,,R,R,R,R,R,R,R,R,R,S,R,S,S,,R,R,,,,,,,,,
573.13383,EKP,S,,R,R,R,R,R,R,S,R,S,S,S,S,S,R,R,R,,,,,,,,,
573.1366,EKP,R,,R,S,R,R,R,R,S,R,R,S,S,S,S,R,R,R,,,,,,,,,
573.13977,EKP,R,,R,R,R,R,R,R,R,R,S,R,S,S,R,S,S,R,,,,,,,,,
573.14118,EKP,R,,R,R,R,R,R,R,R,S,R,R,R,S,R,S,R,R,,,,,,,,,
573.12951,EKP,S,,S,S,S,S,S,S,S,S,S,S,S,S,S,S,S,R,,,,,,,,,
573.14231,EKP,R,,R,R,R,R,R,R,R,R,R,R,R,S,R,R,R,R,,,,,,,,,
573.14203,EKP,R,,R,R,R,R,R,R,R,R,R,S,S,S,S,R,R,R,,,,,,,,,
573.14547,EKP,R,,R,R,R,R,R,R,R,R,R,S,R,S,R,R,R,R,,,,,,,,,
573.14511,EKP,R,,R,R,R,R,R,R,R,R,S,S,S,S,S,R,S,R,,,,,,,,,
