Sample_ID_IfH,Organism_Code,meropenem,ertapenem,tobramycin,tigecycline,piperacillin-tazobactam,cefotaxime,cefpodoxime,amoxicillin-clavulanic acid,ampicillin,gentamicin,amikacin,ceftriaxone,cefepime,trimethoprim,trimethoprim-sulfamethoxazole,norfloxacin,ciprofloxacin,nitrofurantoin,ceftazidime,sulfamethoxazole,aztreonam,ceftolozane-tazobactam,cefuroxime,Imipenem,ampicillin-sulbactam,ceftazidime-avibactam,cefazolin,levofloxacin,moxifloxacin,ticarcillin-clavulanic acid,piperacillin,colistin,fosfomycin
573.5701,EKP,S,S,R,R,R,R,,R,R,S,S,,S,R,,,R,,R,,R,,R,,,,,,,,,,
573.44131,EKP,R,,R,R,R,R,R,,R,S,S,R,R,,R,,R,,R,,R,R,R,R,R,R,R,R,R,,,,
72407.498,EKP,S,S,R,R,R,R,,S,R,R,R,,R,,R,,R,,R,,R,,R,,,,,,,,,,
573.27345,EKP,S,,,,,,,S,S,S,S,S,,S,,,R,,,R,S,,,S,,,,,,,,,
573.41104,EKP,R,R,S,R,R,R,R,,R,S,S,R,R,,R,,R,,S,,S,S,R,R,R,S,R,S,R,,,,
573.23991,EKP,R,R,,,,,,,,S,R,,,,R,,R,,,,,,,R,,,,,,,,,
72407.517,EKP,S,S,S,R,S,R,,R,R,S,S,,R,,R,,R,,R,,R,,R,,,,,,,,,,
72407.565,EKP,S,S,R,R,R,R,,R,R,R,R,,R,,R,,R,,R,,R,,R,,,,,,,,,,
573.24295,EKP,S,S,R,,R,,,R,R,S,S,R,R,,R,,R,,R,,,,,,,,,R,,,,,
72407.571,EKP,S,S,R,R,R,R,,R,R,R,R,,R,,R,,R,,R,,R,,R,,,,,,,,,,
573.42029,EKP,R,R,S,R,S,R,R,,R,S,S,R,S,,R,,R,,S,,S,R,R,R,R,R,R,S,R,,,,
573.42889,EKP,R,R,S,R,S,R,R,,R,S,S,R,R,,R,,R,,S,,S,R,S,R,S,S,S,R,R,,,,
573.42005,EKP,R,R,S,R,R,R,R,,R,S,S,R,R,,R,,R,,S,,S,R,S,R,R,R,S,R,R,,,,
573.5695,EKP,S,S,R,S,R,R,,R,R,R,S,,R,R,,,S,,R,,R,,R,,,,,,,,,,
573.41172,EKP,R,R,R,R,R,R,R,,R,S,S,R,R,,R,,R,,S,,R,R,R,R,R,R,R,S,R,,,,
573.42927,EKP,R,R,S,R,R,R,R,,R,R,S,R,R,,R,,R,,R,,R,R,R,R,R,S,R,R,R,,,,
1438807.3,EKP,S,S,,R,,S,,,R,S,S,,,,R,,R,,S,,,,,S,S,,S,S,,,,,
573.42923,EKP,R,R,R,R,R,R,R,,R,R,R,R,R,,R,,R,,R,,R,R,R,R,R,S,R,R,R,,,,
573.42002,EKP,R,R,S,R,S,R,R,,R,S,S,R,R,,R,,R,,S,,S,R,S,R,S,R,S,R,R,,,,
573.24303,EKP,S,,R,,R,,,R,R,R,S,R,R,,R,,R,,R,,,,,,,,,R,,,,,
573.24293,EKP,S,S,R,,R,,,R,R,S,S,R,S,,R,,R,,R,,,,,,,,R,R,,,,,
573.41113,EKP,R,R,R,R,S,R,R,,R,S,S,R,R,,R,,R,,R,,R,R,R,R,R,R,R,S,R,,,,
573.44114,EKP,R,R,R,R,R,R,R,,R,R,S,R,R,,R,,R,,R,,R,R,R,R,R,R,R,R,R,,,,
573.40411,EKP,R,R,R,R,S,R,R,,R,R,R,R,S,,R,,R,,R,,R,R,R,R,R,R,R,S,R,,,,
573.44137,EKP,R,R,R,R,R,R,R,,R,R,S,R,R,,R,,R,,R,,R,R,R,R,R,R,R,S,R,,,,
573.41115,EKP,R,R,R,R,R,R,R,,R,R,S,R,R,,R,,R,,R,,R,R,R,R,R,R,R,R,R,,,,
573.42896,EKP,R,R,R,R,R,R,R,,R,R,S,R,R,,R,,R,,R,,R,R,R,R,R,S,R,R,R,,,,
573.24266,EKP,S,S,S,,S,,,S,R,S,S,R,S,,R,,S,,R,,,,,,,,,S,,,,,
1400184.3,EKP,S,S,,R,,R,,,R,R,R,,,,R,,R,,R,,,,,S,R,,R,R,,,,,
573.40436,EKP,R,R,S,R,S,R,R,,R,S,S,R,R,,R,,R,,S,,S,R,S,R,S,R,S,R,R,,,,
573.42014,EKP,S,R,S,R,R,R,R,,R,S,S,R,R,,R,,R,,S,,S,R,S,S,S,R,S,R,R,,,,
573.42931,EKP,R,R,S,R,S,R,R,,R,S,S,R,R,,R,,R,,S,,S,R,S,S,S,R,S,R,R,,,,
1328377.3,EKP,R,R,,R,,R,,,R,R,R,,,,R,,R,,,,,,,S,,,R,R,,,,,
573.41098,EKP,R,R,S,R,S,R,R,,R,S,S,R,R,,R,,R,,S,,S,R,S,R,S,R,S,R,R,,,,
72407.546,EKP,S,S,S,R,S,R,,R,R,S,S,,R,,R,,S,,R,,R,,R,,,,,,,,,,
573.5692,EKP,S,S,R,R,R,R,,R,R,S,S,,R,R,,,R,,R,,R,,R,,,,,,,,,,
573.24258,EKP,R,R,,,,,,,,R,S,,,,R,,R,,,,,,,R,,,,,,,,,
573.42904,EKP,R,R,S,R,S,R,R,,R,S,S,R,R,,R,,R,,S,,S,R,S,R,S,R,S,R,R,,,,
573.44096,EKP,R,R,S,R,S,R,R,,R,S,S,R,R,,R,,R,,S,,S,R,S,R,R,R,S,R,R,,,,
573.9636,EKP,R,R,,,,,,,,R,R,,,,R,,R,,,,,,,R,,,,,,,,,
573.24283,EKP,S,S,S,,R,,,R,R,S,S,R,S,,R,,R,,R,,,,,,,,R,R,,,,,
573.42905,EKP,R,R,S,R,R,R,R,,R,S,S,S,R,,R,,R,,S,,S,S,R,R,R,S,S,S,R,,,,
573.4039,EKP,R,R,R,R,R,R,R,,R,R,S,R,R,,R,,R,,R,,R,R,R,R,R,S,R,R,R,,,,
72407.508,EKP,S,S,R,R,R,R,,R,R,R,R,,R,,R,,R,,R,,R,,R,,,,,,,,,,
573.5678,EKP,S,S,R,R,R,R,,R,R,R,S,,R,R,,,R,,R,,R,,R,,,,,,,,,,
573.41125,EKP,R,R,R,R,R,R,R,,R,S,R,R,R,,R,,R,,R,,R,R,R,R,R,R,R,R,R,,,,
573.4109,EKP,R,R,R,R,R,R,R,,R,S,S,R,R,,R,,R,,R,,R,R,R,R,R,R,R,R,R,,,,
573.40409,EKP,R,R,S,R,S,R,R,,S,S,S,R,R,,R,,R,,S,,S,R,S,R,S,R,S,R,R,,,,
573.41939,EKP,R,R,S,R,S,R,R,,R,S,S,R,R,,R,,R,,S,,S,R,S,R,S,R,S,R,R,,,,
573.41149,EKP,R,R,S,R,R,R,R,,R,S,S,R,R,,R,,R,,S,,S,R,S,R,R,R,S,R,R,,,,
573.41117,EKP,R,R,R,R,R,R,R,,R,R,R,R,R,,R,,R,,R,,R,R,R,R,R,S,R,R,R,,,,
573.27339,EKP,R,R,,,,,,,,R,R,,,,R,,R,,,,,,,R,,,,,,,,,
573.40426,EKP,R,R,R,R,R,R,R,,R,R,S,R,S,,R,,R,,R,,R,R,R,R,R,S,R,R,R,,,,
573.42959,EKP,R,R,S,R,S,R,R,,R,S,S,R,R,,R,,R,,S,,S,R,S,R,S,R,S,R,R,,,,
573.40449,EKP,R,R,S,R,S,R,R,,R,S,S,R,S,,R,,R,,S,,S,R,R,R,R,R,R,S,R,,,,
72407.595,EKP,S,S,S,R,S,R,,R,R,S,S,,R,,R,,R,,R,,R,,R,,,,,,,,,,
573.40442,EKP,R,R,S,R,S,R,R,,R,S,S,R,R,,R,,R,,S,,S,R,S,R,S,R,S,R,R,,,,
573.24317,EKP,S,S,S,,R,,,R,R,R,S,R,R,,R,,R,,R,,,,,,,,,R,,,,,
573.4041,EKP,R,R,S,R,R,R,R,,R,R,S,R,R,,R,,R,,R,,R,R,R,R,R,S,R,R,R,,,,
573.31032,EKP,S,S,,,,,,,R,R,S,R,,,,,R,,R,,,,,,,,R,,,,,S,
573.42941,EKP,R,R,S,R,R,R,R,,R,S,S,R,R,,R,,R,,S,,S,R,S,R,R,R,R,R,R,,,,
573.44051,EKP,R,R,S,R,S,R,R,,R,S,S,R,R,,R,,R,,S,,S,R,S,R,S,R,S,R,R,,,,
573.27347,EKP,S,,,,,,,S,S,S,S,S,,S,,,R,,,R,S,,,S,,,,,,,,,
1400175.3,EKP,S,S,,R,,R,,,R,R,R,,,,R,,R,,R,,,,,S,R,,R,R,,,,,
1438799.3,EKP,S,S,,,,S,,,R,S,S,,,,R,,S,,,,,,,S,S,,S,S,,,,,
573.40418,EKP,R,R,R,R,S,R,R,,R,R,S,R,R,,R,,R,,S,,S,R,S,R,S,R,R,R,R,,,,
573.44094,EKP,R,R,R,R,R,R,R,,R,S,S,R,R,,R,,R,,R,,R,R,R,R,R,R,R,S,R,,,,
72407.532,EKP,S,S,R,R,R,R,,R,R,R,R,,R,,R,,R,,R,,R,,R,,,,,,,,,,
573.41138,EKP,R,R,R,R,R,R,R,,R,R,S,R,R,,R,,R,,R,,R,R,R,S,R,S,R,R,R,,,,
72407.597,EKP,S,S,R,R,R,R,,R,R,R,S,,R,,R,,R,,R,,R,,R,,,,,,,,,,
573.1479,EKP,R,R,,,,,,,,R,R,,,,R,,R,,,,,,,R,,,,,,,,,
573.41294,EKP,R,R,R,R,R,R,R,,R,S,R,R,R,,R,,R,,R,,R,R,R,R,R,R,R,R,R,,,,
573.44622,EKP,R,R,R,R,R,R,R,,R,S,S,R,S,,R,,R,,R,,R,R,R,R,R,R,R,R,R,,,,
72407.511,EKP,R,R,R,R,R,R,,R,R,R,R,,R,,R,,R,,R,,R,,R,,,,,,,,,,
573.44063,EKP,R,R,S,R,S,R,R,,R,S,S,R,R,,R,,R,,S,,S,R,S,R,S,R,S,R,R,,,,
573.42902,EKP,R,R,R,R,R,R,R,,R,S,S,R,R,,R,,R,,R,,R,R,R,R,R,R,R,R,R,,,,
573.41101,EKP,R,R,S,R,S,R,R,,R,S,S,R,S,,R,,R,,S,,S,R,R,R,S,R,R,R,R,,,,
573.44143,EKP,R,R,R,R,R,R,R,,R,R,S,R,R,,R,,R,,S,,S,S,R,R,R,S,R,R,R,,,,
573.41144,EKP,R,R,R,R,S,R,R,,R,R,S,R,R,,R,,R,,S,,S,R,S,R,S,R,R,R,R,,,,
573.41978,EKP,R,R,S,R,S,R,R,,R,S,S,R,R,,R,,R,,S,,S,R,S,R,S,R,S,R,R,,,,
1438805.3,EKP,S,S,,R,,S,,,R,S,S,,,,R,,S,,S,,,,,S,S,,S,S,,,,,
573.41148,EKP,R,R,S,R,S,R,R,,R,S,S,R,R,,R,,R,,S,,S,R,S,R,S,R,S,R,R,,,,
573.41089,EKP,R,R,R,R,R,R,R,,R,R,S,R,R,,R,,R,,R,,R,R,R,R,R,R,R,R,R,,,,
573.40438,EKP,R,,R,R,R,R,R,,R,S,S,R,R,,R,,R,,R,,R,R,R,R,R,R,R,R,R,,,,
573.5828,EKP,S,S,S,R,S,S,,S,R,S,S,,S,S,,,S,,S,,S,,S,,,,,,,,,,
573.24019,EKP,R,R,,,,,,,,S,R,,,,R,,R,,,,,,,R,,,,,,,,,
573.42934,EKP,R,R,S,R,S,R,R,,R,S,S,R,R,,R,,R,,S,,S,R,S,R,S,R,S,R,R,,,,
573.41154,EKP,R,R,R,R,R,R,R,,R,S,S,R,R,,R,,R,,R,,R,S,R,R,R,S,R,R,R,,,,
573.14789,EKP,R,R,,,,,,,,R,R,,,,R,,R,,,,,,,R,,,,,,,,,
573.44119,EKP,R,R,R,R,R,R,R,,R,R,S,R,S,,R,,R,,R,,R,R,R,R,R,S,R,R,R,,,,
1438788.3,EKP,S,R,,R,,R,,,R,R,S,,,,R,,R,,,,,,,S,R,,R,R,,,,,
573.40359,EKP,R,R,S,R,S,R,R,,R,S,S,R,R,,R,,R,,S,,S,R,S,R,S,R,S,R,R,,,,
573.40377,EKP,R,R,R,R,R,R,R,,R,R,R,R,R,,R,,R,,R,,R,R,R,R,R,S,R,R,R,,,,
573.42875,EKP,R,R,R,R,R,R,R,,R,S,R,R,R,,R,,R,,R,,R,R,R,R,R,S,R,R,R,,,,
573.42009,EKP,R,R,S,R,R,R,R,,R,S,S,R,R,,R,,R,,S,,S,R,S,R,R,R,S,S,R,,,,
573.41135,EKP,R,R,S,R,S,R,R,,S,S,S,R,R,,R,,R,,S,,S,R,S,R,S,R,S,R,R,,,,
573.5676,EKP,S,S,S,R,S,R,,S,R,R,S,,S,R,,,S,,R,,R,,R,,,,,,,,,,
573.5672,EKP,S,S,R,R,R,R,,R,R,R,S,,R,R,,,R,,R,,R,,R,,,,,,,,,,
573.41096,EKP,R,R,S,R,S,R,R,,R,S,S,R,R,,R,,R,,S,,S,R,S,R,S,S,S,R,R,,,,
72407.526,EKP,S,S,R,R,R,R,,R,R,R,S,,R,,R,,R,,R,,R,,R,,,,,,,,,,
573.41947,EKP,R,R,S,R,S,R,R,,R,S,S,R,R,,R,,R,,S,,S,R,S,R,S,R,S,R,R,,,,
573.5825,EKP,S,S,S,R,R,R,,R,R,S,S,,S,R,,,R,,R,,R,,R,,,,,,,,,,
573.42011,EKP,R,R,R,R,R,R,R,,R,R,S,R,R,,R,,R,,R,,R,R,R,R,R,R,R,S,R,,,,
573.4037,EKP,R,R,S,R,S,R,R,,R,S,S,R,R,,R,,R,,S,,S,R,S,R,S,R,S,R,R,,,,
573.4199,EKP,R,R,S,R,S,R,R,,S,S,S,R,R,,R,,R,,S,,S,R,S,R,S,R,S,R,R,,,,
72407.562,EKP,S,S,S,R,S,R,,R,R,S,S,,R,,R,,S,,R,,R,,R,,,,,,,,,,
573.42022,EKP,R,R,S,R,S,R,R,,R,S,S,R,R,,R,,R,,S,,S,R,S,R,S,R,S,R,R,,,,
573.5707,EKP,S,S,S,S,S,R,,R,R,S,S,,S,S,,,S,,R,,S,,R,,,,,,,,,,
573.41114,EKP,S,R,R,R,R,R,R,,R,R,S,R,R,,R,,R,,R,,R,R,R,S,R,S,R,R,R,,,,
573.44105,EKP,R,R,R,R,S,R,R,,R,R,R,R,S,,R,,R,,R,,R,R,R,R,R,R,R,S,R,,,,
573.40395,EKP,R,R,R,R,R,R,R,,R,R,R,R,R,,R,,R,,R,,R,R,R,R,R,S,R,R,R,,,,
573.42094,EKP,R,R,R,R,R,R,R,,R,S,R,R,R,,R,,R,,R,,R,R,R,R,R,S,R,R,R,,,,
573.31031,EKP,S,S,,,,,,,R,R,S,R,,,,,R,,R,,,,,,,,,,,,,,
573.44106,EKP,R,R,R,R,R,R,R,,R,R,S,R,R,,R,,R,,R,,R,R,R,S,R,S,R,R,R,,,,
573.32339,EKP,S,S,,,,,,,R,R,S,R,,,,,R,,S,,,,,,,,R,,,,,S,
72407.584,EKP,S,S,S,S,S,R,,R,R,S,S,,R,,R,,S,,R,,R,,R,,,,,,,,,,
573.40367,EKP,R,R,S,R,S,R,R,,S,S,S,R,R,,R,,R,,S,,S,R,S,R,S,R,S,R,R,,,,
573.41991,EKP,R,R,S,R,R,R,R,,R,R,S,R,R,,R,,R,,R,,R,R,R,R,R,S,R,R,R,,,,
72407.553,EKP,S,S,R,R,R,R,,R,R,R,S,,R,,R,,R,,R,,R,,R,,,,,,,,,,
573.41123,EKP,R,R,R,R,R,R,R,,R,S,S,R,R,,R,,R,,R,,R,R,R,R,R,R,R,S,R,,,,
573.41129,EKP,R,R,S,R,R,R,R,,R,S,S,R,R,,R,,R,,S,,S,R,R,R,R,R,R,R,R,,,,
573.42961,EKP,R,R,R,R,R,R,R,,R,R,S,R,R,,R,,R,,R,,R,R,R,R,R,R,R,S,R,,,,
573.14768,EKP,R,R,,,,,,,,S,S,,,,R,,R,,,,,,,R,,,,,,,,,
573.40384,EKP,R,R,R,R,R,R,R,,R,S,S,R,R,,R,,R,,R,,R,R,R,R,R,R,R,R,R,,,,
573.40375,EKP,R,R,S,R,S,R,R,,R,S,S,R,R,,R,,R,,S,,S,R,S,R,S,R,S,R,R,,,,
573.41954,EKP,R,R,R,R,R,R,R,,R,R,R,R,R,,R,,R,,R,,R,R,R,R,R,R,R,R,R,,,,
573.41143,EKP,R,,R,R,R,R,R,,R,R,R,R,R,,R,,R,,R,,R,S,R,R,R,R,R,R,R,,,,
1438790.3,EKP,R,R,,R,,R,,,R,S,R,,,,R,,R,,,,,,,R,R,,R,R,,,,,
72407.521,EKP,R,R,R,R,R,R,,R,R,R,R,,R,,R,,R,,R,,R,,R,,,,,,,,,,
573.42004,EKP,R,R,S,R,R,R,R,,R,S,S,R,R,,R,,R,,S,,S,R,S,R,R,R,R,R,R,,,,
573.41136,EKP,R,R,S,R,R,R,R,,R,R,S,R,R,,R,,R,,R,,R,R,R,R,R,S,R,R,R,,,,
573.14812,EKP,R,R,,,,,,,,R,R,,,,R,,R,,,,,,,R,,,,,,,,,
72407.504,EKP,R,R,R,R,R,R,,R,R,R,R,,R,,R,,R,,R,,R,,R,,,,,,,,,,
573.14771,EKP,R,R,,,,,,,,R,R,,,,R,,R,,,,,,,R,,,,,,,,,
573.40391,EKP,R,R,R,R,R,R,R,,R,S,S,R,R,,R,,R,,R,,R,R,R,R,R,R,R,R,R,,,,
1328376.3,EKP,S,S,,,,S,,,R,S,S,,,,R,,S,,,,,,,S,,,S,S,,,,,
573.40386,EKP,R,R,R,R,S,R,R,,R,S,S,R,R,,R,,R,,R,,R,R,R,R,R,R,R,S,R,,,,
573.40425,EKP,R,R,S,R,R,R,R,,R,S,S,R,R,,R,,R,,S,,S,R,S,R,R,R,S,R,R,,,,
573.44121,EKP,R,R,R,R,R,R,R,,R,R,S,R,R,,R,,R,,R,,R,R,R,R,R,R,R,S,R,,,,
573.40408,EKP,R,R,S,R,R,R,R,,R,S,S,R,R,,R,,R,,S,,S,S,R,R,R,R,R,S,R,,,,
1328366.3,EKP,S,S,,,,S,,,R,S,S,,,,R,,S,,,,,,,S,,,S,S,,,,,
573.41082,EKP,R,R,S,R,S,R,R,,R,S,S,R,R,,R,,R,,S,,S,R,S,R,S,R,S,R,R,,,,
1438789.3,EKP,S,S,,,,S,,,R,S,S,,,,R,,S,,,,,,,S,S,,S,S,,,,,
573.5799,EKP,S,S,S,R,R,R,,S,R,S,S,,S,S,,,R,,R,,R,,R,,,,,,,,,,
573.5712,EKP,S,S,R,S,S,R,,R,R,R,S,,R,S,,,S,,R,,R,,R,,,,,,,,,,
573.32133,EKP,S,S,,,,,,,R,S,S,R,,,,,S,,R,,,,,,,,R,,,,,S,
573.15039,EKP,R,R,,,,,,,,S,S,,,,R,,R,,,,,,,R,,,,,,,,,
573.5809,EKP,S,S,S,S,S,R,,S,R,S,S,,R,S,,,S,,R,,R,,R,,,,,,,,,,
573.42013,EKP,R,R,S,R,S,R,R,,R,S,S,R,R,,R,,R,,S,,S,R,R,R,R,S,S,S,R,,,,
573.42907,EKP,R,R,R,R,R,R,R,,R,R,S,R,R,,R,,R,,R,,R,R,R,R,R,S,R,R,R,,,,
573.4112,EKP,R,R,R,R,S,R,R,,R,R,S,R,R,,R,,R,,R,,R,R,R,R,R,R,R,S,R,,,,
573.44082,EKP,R,R,R,R,R,R,R,,R,R,S,R,R,,R,,R,,R,,R,R,R,R,R,R,R,S,R,,,,
72407.494,EKP,S,S,R,R,R,R,,R,R,R,R,,R,,R,,R,,R,,R,,R,,,,,,,,,,
573.41953,EKP,R,R,S,R,S,R,R,,R,S,S,R,R,,R,,R,,S,,S,R,S,R,S,R,S,R,R,,,,
72407.564,EKP,S,S,S,R,S,R,,R,R,S,S,,R,,R,,S,,R,,R,,R,,,,,,,,,,
72407.594,EKP,S,S,S,S,S,S,,S,R,S,S,,S,,R,,S,,S,,S,,S,,,,,,,,,,
573.41093,EKP,R,R,S,R,R,R,R,,R,S,S,R,R,,R,,R,,S,,S,R,S,R,R,R,S,R,R,,,,
573.40402,EKP,R,R,S,R,S,R,R,,R,S,S,R,R,,R,,R,,S,,S,R,S,R,R,R,S,R,R,,,,
573.40424,EKP,R,R,S,R,R,R,R,,R,S,S,R,R,,R,,R,,S,,S,R,S,R,R,R,R,R,R,,,,
573.15059,EKP,R,R,,,,,,,,R,R,,,,R,,R,,,,,,,R,,,,,,,,,
573.44091,EKP,R,R,S,R,S,R,R,,R,S,S,R,R,,R,,R,,S,,S,R,S,R,S,R,S,R,R,,,,
573.42001,EKP,R,R,R,R,R,R,R,,R,R,S,R,R,,R,,R,,R,,R,R,R,R,R,R,R,R,R,,,,
573.5682,EKP,S,S,S,R,R,R,,R,R,S,S,,S,R,,,R,,R,,R,,R,,,,,,,,,,
573.40383,EKP,R,R,S,R,S,R,R,,R,S,S,R,S,,R,,R,,S,,S,R,R,R,S,R,R,S,R,,,,
573.42003,EKP,R,R,S,R,S,R,R,,R,S,S,R,R,,R,,R,,S,,S,R,S,R,S,R,S,R,R,,,,
72407.547,EKP,S,S,S,R,S,R,,R,R,S,S,,R,,R,,S,,R,,R,,R,,,,,,,,,,
573.42966,EKP,R,R,S,R,S,R,R,,R,S,S,R,S,,R,,R,,S,,S,R,R,R,R,R,R,S,R,,,,
72407.555,EKP,S,S,R,R,R,R,,R,R,R,R,,R,,R,,S,,R,,R,,R,,,,,,,,,,
573.5698,EKP,R,R,R,R,R,R,,R,R,R,S,,R,R,,,R,,R,,R,,R,,,,,,,,,,
72407.523,EKP,S,S,S,S,S,R,,R,R,S,S,,R,,R,,S,,R,,R,,R,,,,,,,,,,
573.40416,EKP,R,R,R,R,R,R,R,,R,R,R,R,R,,R,,R,,R,,R,R,R,S,R,S,R,R,R,,,,
573.4195,EKP,R,R,S,R,S,R,R,,R,S,S,R,R,,R,,R,,S,,S,R,S,S,S,R,S,R,R,,,,
573.40423,EKP,R,R,S,R,S,R,R,,R,S,S,R,R,,R,,R,,S,,S,R,S,R,S,R,S,R,R,,,,
573.41982,EKP,R,R,R,R,S,R,R,,R,R,S,R,R,,R,,R,,S,,S,R,R,R,R,R,R,S,R,,,,
573.41103,EKP,R,R,R,R,R,R,R,,R,S,S,R,R,,R,,R,,R,,R,R,R,R,R,R,R,R,R,,,,
72407.486,EKP,R,R,R,R,R,R,,R,R,R,R,,R,,R,,R,,R,,R,,R,,,,,,,,,,
573.5673,EKP,S,S,S,S,S,R,,S,R,S,S,,R,S,,,S,,R,,R,,R,,,,,,,,,,
1400178.3,EKP,R,R,,R,,R,,,R,R,R,,,,R,,R,,R,,,,,,,,R,R,,,,,
1438782.3,EKP,S,R,,R,,R,,,R,S,R,,,,R,,R,,,,,,,R,R,,R,R,,,,,
573.41966,EKP,R,R,S,R,R,R,R,,R,S,S,S,R,,R,,R,,S,,S,S,R,R,R,S,S,S,R,,,,
573.44124,EKP,R,R,R,R,R,R,R,,R,R,S,R,R,,R,,R,,R,,R,R,R,R,R,R,R,S,R,,,,
1400181.3,EKP,S,S,,R,,R,,,R,R,R,,,,R,,R,,R,,,,,S,R,,R,R,,,,,
72407.499,EKP,S,S,R,R,R,R,,R,R,S,S,,R,,R,,R,,R,,R,,R,,,,,,,,,,
573.41963,EKP,S,R,R,R,R,R,R,,R,S,S,R,R,,R,,R,,R,,R,R,R,R,R,R,R,R,R,,,,
573.5794,EKP,S,R,R,R,R,R,,R,R,S,S,,R,R,,,R,,R,,R,,R,,,,,,,,,,
573.41969,EKP,R,R,R,R,R,R,R,,R,R,S,R,R,,R,,R,,R,,R,R,R,R,R,S,R,R,R,,,,
573.42898,EKP,R,R,S,R,R,R,R,,R,S,S,R,R,,R,,R,,S,,S,S,R,R,R,S,R,S,R,,,,
573.24252,EKP,R,R,,,,,,,,R,R,,,,R,,R,,,,,,,R,,,,,,,,,
573.42916,EKP,R,R,R,R,R,R,R,,R,R,R,R,R,,R,,R,,R,,R,R,R,R,R,S,R,S,R,,,,
72407.535,EKP,S,S,S,R,S,R,,R,R,S,S,,R,,R,,R,,R,,R,,R,,,,,,,,,,
573.44074,EKP,R,R,R,R,R,R,R,,R,R,S,R,R,,R,,R,,S,,R,R,R,R,R,R,R,S,R,,,,
573.42943,EKP,R,R,R,R,R,R,R,,R,R,S,R,S,,R,,R,,R,,R,R,R,R,R,S,R,R,R,,,,
72407.542,EKP,S,S,S,S,S,R,,R,R,S,S,,R,,R,,S,,R,,R,,R,,,,,,,,,,
573.41083,EKP,R,R,R,R,R,R,R,,R,S,R,R,R,,R,,R,,R,,R,R,R,R,R,S,R,R,R,,,,
72407.491,EKP,R,R,R,R,R,R,,R,R,R,R,,R,,R,,R,,R,,R,,R,,,,,,,,,,
573.5661,EKP,S,S,R,R,R,R,,R,R,R,S,,S,R,,,R,,S,,S,,R,,,,,,,,,,
72407.525,EKP,S,S,R,R,R,R,,R,R,R,S,,R,,R,,R,,R,,R,,R,,,,,,,,,,
573.40448,EKP,R,R,R,R,R,R,R,,R,R,S,R,R,,R,,R,,R,,R,R,R,R,R,S,R,S,R,,,,
573.41957,EKP,R,R,R,R,R,R,R,,R,R,S,R,R,,R,,R,,R,,R,R,R,R,R,S,R,R,R,,,,
1438785.3,EKP,S,S,,,,S,,,R,S,S,,,,R,,S,,,,,,,S,R,,S,S,,,,,
72407.487,EKP,S,S,R,R,R,R,,R,R,R,R,,R,,R,,R,,R,,R,,R,,,,,,,,,,
573.40428,EKP,R,R,R,R,R,R,R,,R,R,S,R,R,,R,,R,,R,,R,R,R,R,R,R,R,S,R,,,,
573.42917,EKP,R,R,R,R,R,R,R,,R,S,R,R,R,,R,,R,,R,,R,R,R,R,R,R,R,R,R,,,,
573.44092,EKP,R,R,R,R,R,R,R,,R,R,R,R,R,,R,,R,,R,,R,R,R,R,R,S,R,S,R,,,,
573.24304,EKP,S,,R,,R,,,R,R,R,R,R,R,,R,,R,,R,,,,,,,,,R,,,,,
573.42914,EKP,R,R,R,R,R,R,R,,R,S,R,R,R,,R,,R,,R,,R,R,R,R,R,R,R,R,R,,,,
573.44067,EKP,R,R,R,R,R,R,R,,R,R,S,R,R,,R,,R,,R,,R,R,R,R,R,R,R,R,R,,,,
573.5823,EKP,S,S,R,R,R,R,,R,R,S,S,,R,R,,,R,,R,,R,,R,,,,,,,,,,
573.42913,EKP,R,R,R,R,R,R,R,,R,R,R,R,R,,R,,R,,R,,R,R,R,R,R,S,R,R,R,,,,
573.5816,EKP,S,S,R,R,R,R,,R,R,R,S,,R,S,,,R,,R,,R,,R,,,,,,,,,,
573.5722,EKP,S,S,S,R,R,R,,R,R,S,S,,S,R,,,R,,R,,R,,R,,,,,,,,,,
573.42877,EKP,R,R,S,R,S,R,R,,R,S,S,R,R,,R,,R,,S,,S,R,S,R,S,R,S,R,R,,,,
1328368.3,EKP,S,S,,,,S,,,R,S,S,,,,R,,S,,,,,,,S,,,S,S,,,,,
72407.492,EKP,R,R,R,R,R,R,,R,R,R,R,,R,,R,,R,,R,,R,,R,,,,,,,,,,
573.41968,EKP,R,R,R,R,R,R,R,,R,R,S,R,R,,R,,R,,R,,R,R,R,R,R,R,R,S,R,,,,
573.44053,EKP,R,R,S,R,S,R,R,,R,S,S,R,R,,R,,R,,S,,S,R,S,R,S,R,S,R,R,,,,
573.44139,EKP,R,R,R,R,R,R,R,,R,R,R,R,R,,R,,R,,R,,R,R,R,R,R,R,R,R,R,,,,
573.5798,EKP,S,S,R,R,R,R,,S,R,S,R,,S,S,,,R,,R,,R,,R,,,,,,,,,,
1328367.3,EKP,R,R,,,,R,,,R,R,R,,,,R,,R,,,,,,,R,,,R,R,,,,,
573.5804,EKP,S,S,S,R,S,R,,S,R,R,S,,S,R,,,S,,R,,R,,R,,,,,,,,,,
573.42008,EKP,R,R,R,R,R,R,R,,R,R,S,R,R,,R,,R,,R,,R,R,R,R,R,R,R,S,R,,,,
573.14769,EKP,R,R,,,,,,,,R,S,,,,R,,R,,,,,,,R,,,,,,,,,
573.5724,EKP,S,S,R,R,S,S,,S,R,R,S,,S,R,,,S,,R,,R,,S,,,,,,,,,,
573.44075,EKP,R,R,S,R,R,R,R,,R,S,S,R,R,,R,,R,,S,,S,S,R,R,R,S,R,S,R,,,,
573.41091,EKP,R,R,S,R,S,R,R,,R,S,S,R,R,,R,,R,,S,,S,R,S,R,S,R,S,R,R,,,,
573.41989,EKP,R,R,S,R,R,R,R,,R,S,S,R,R,,R,,R,,S,,S,S,R,R,R,R,R,S,R,,,,
573.41945,EKP,R,R,R,R,S,R,R,,R,R,S,R,R,,R,,R,,R,,R,R,R,R,R,R,R,S,R,,,,
573.41996,EKP,R,R,R,R,R,R,R,,R,R,R,R,R,,R,,R,,R,,R,R,R,S,R,S,R,R,R,,,,
573.41942,EKP,R,R,R,R,R,R,R,,R,S,S,R,R,,R,,R,,R,,R,R,R,R,R,R,R,R,R,,,,
573.42888,EKP,R,R,R,R,R,R,R,,R,R,S,R,R,,R,,R,,R,,R,R,R,R,R,R,R,R,R,,,,
72407.518,EKP,S,S,R,R,R,R,,R,R,R,S,,R,,R,,R,,R,,R,,R,,,,,,,,,,
573.27324,EKP,R,R,,,,,,,,S,R,,,,R,,R,,,,,,,R,,,,,,,,,
573.41145,EKP,R,R,S,R,S,R,R,,R,S,S,R,R,,R,,R,,S,,S,R,S,R,S,R,S,R,R,,,,
573.40446,EKP,R,R,R,R,R,R,R,,R,R,R,R,R,,R,,R,,R,,R,R,R,R,R,R,R,R,R,,,,
573.41952,EKP,R,R,R,R,R,R,R,,R,R,S,R,R,,R,,R,,R,,R,R,R,R,R,R,R,R,R,,,,
573.42947,EKP,R,R,R,R,R,R,R,,R,S,S,R,R,,R,,R,,R,,R,S,R,R,R,S,R,R,R,,,,
573.41998,EKP,R,R,R,R,S,R,R,,R,R,S,R,R,,R,,R,,S,,S,R,S,R,S,R,R,R,R,,,,
1400171.3,EKP,S,S,,R,,S,,,R,S,S,,,,R,,S,,S,,,,,S,S,,S,S,,,,,
72407.516,EKP,S,S,R,R,R,R,,R,R,R,S,,R,,R,,R,,R,,R,,R,,,,,,,,,,
573.14788,EKP,R,R,,,,,,,,S,R,,,,R,,R,,,,,,,R,,,,,,,,,
573.42024,EKP,R,R,R,R,R,R,R,,R,R,S,R,R,,R,,R,,R,,R,R,R,R,R,R,R,S,R,,,,
573.40406,EKP,R,R,R,R,R,R,R,,R,R,S,R,R,,R,,R,,R,,R,S,R,R,R,S,R,S,R,,,,
573.42027,EKP,R,R,R,R,R,R,R,,R,R,S,R,S,,R,,R,,R,,S,R,R,R,R,S,R,R,R,,,,
573.44066,EKP,R,R,S,R,S,R,R,,R,S,S,R,R,,R,,R,,S,,S,R,S,S,S,R,S,R,R,,,,
573.5726,EKP,S,S,R,R,R,R,,R,R,R,S,,S,R,,,R,,S,,S,,R,,,,,,,,,,
573.42098,EKP,R,R,R,R,R,R,R,,R,S,S,R,S,,R,,R,,R,,R,R,R,R,R,R,R,R,R,,,,
573.4116,EKP,R,R,S,R,S,R,R,,R,S,S,R,R,,R,,R,,S,,S,R,S,R,S,R,S,R,R,,,,
573.42953,EKP,R,R,S,R,S,R,R,,R,S,S,R,R,,R,,R,,S,,S,R,S,R,S,R,S,R,R,,,,
573.5702,EKP,S,S,S,R,S,S,,S,R,S,S,,S,S,,,S,,R,,R,,S,,,,,,,,,,
573.41152,EKP,R,R,R,R,R,R,R,,R,R,S,R,R,,R,,R,,R,,R,R,R,R,R,R,R,S,R,,,,
573.42942,EKP,R,R,S,R,R,R,R,,R,S,S,R,R,,R,,R,,S,,S,R,S,R,R,R,S,R,R,,,,
573.5683,EKP,S,S,R,R,S,R,,S,R,R,S,,S,S,,,R,,S,,S,,R,,,,,,,,,,
573.5795,EKP,S,S,R,R,R,R,,R,R,R,S,,R,R,,,S,,R,,R,,R,,,,,,,,,,
573.40412,EKP,R,R,R,R,R,R,R,,R,R,S,R,R,,R,,R,,R,,R,R,R,S,R,S,R,R,R,,,,
72407.575,EKP,S,S,R,R,R,R,,R,R,R,R,,R,,R,,R,,R,,R,,R,,,,,,,,,,
573.42969,EKP,R,R,S,R,S,R,R,,R,S,S,R,R,,R,,R,,S,,S,R,S,R,S,R,S,R,R,,,,
573.32138,EKP,S,S,,,,,,,R,S,S,R,,,,,R,,R,,,,,,,,R,,,,,S,
573.44099,EKP,R,R,R,R,R,R,R,,R,R,R,R,R,,R,,R,,R,,R,R,R,R,R,S,R,R,R,,,,
573.5807,EKP,S,S,S,R,R,R,,S,R,S,S,,R,R,,,R,,R,,R,,R,,,,,,,,,,
573.44107,EKP,R,R,S,R,S,R,R,,R,S,S,R,R,,R,,R,,S,,S,R,S,S,S,R,S,R,R,,,,
1438804.3,EKP,R,R,,R,,R,,,R,S,R,,,,R,,R,,R,,,,,R,R,,R,R,,,,,
573.33903,EKP,S,S,,,,,,,R,S,S,R,,,,,S,,R,,,,,,,,R,,,,,S,
573.5697,EKP,S,S,R,R,R,R,,R,R,R,R,,R,R,,,R,,R,,R,,R,,,,,,,,,,
573.14822,EKP,R,R,,,,,,,,S,S,,,,R,,R,,,,,,,R,,,,,,,,,
573.24249,EKP,S,R,R,,R,,,R,R,R,S,R,S,,R,,S,,R,,,,,,,,R,S,,,,,
573.42897,EKP,R,R,R,R,R,R,R,,R,R,S,R,R,,R,,R,,R,,R,R,R,R,R,R,R,S,R,,,,
573.41088,EKP,R,R,S,R,S,R,R,,S,S,S,R,R,,R,,R,,S,,S,R,S,R,S,R,S,R,R,,,,
573.41142,EKP,R,R,S,R,S,R,R,,R,S,S,R,R,,R,,R,,S,,S,R,S,R,S,R,S,R,R,,,,
573.41166,EKP,S,R,R,R,R,R,R,,R,R,S,R,R,,R,,R,,R,,R,R,R,S,R,R,R,S,R,,,,
573.44101,EKP,R,R,S,R,R,R,R,,R,S,S,R,R,,R,,R,,S,,S,R,R,R,R,R,R,R,R,,,,
573.40398,EKP,R,R,R,R,R,R,R,,R,R,R,R,R,,R,,R,,R,,R,R,R,R,R,S,R,S,R,,,,
72407.536,EKP,S,S,R,R,R,R,,R,R,R,S,,R,,R,,R,,R,,R,,R,,,,,,,,,,
573.42089,EKP,R,R,R,R,R,R,R,,R,S,R,R,R,,R,,R,,R,,R,R,R,R,R,R,R,R,R,,,,
573.15056,EKP,R,R,,,,,,,,R,R,,,,R,,R,,,,,,,R,,,,,,,,,
573.44057,EKP,R,R,R,R,R,R,R,,R,S,S,R,R,,R,,R,,R,,R,R,R,R,R,R,R,R,R,,,,
1400183.3,EKP,S,S,,R,,S,,,R,S,S,,,,R,,S,,S,,,,,S,S,,S,S,,,,,
573.4038,EKP,R,R,R,R,R,R,R,,R,R,S,R,R,,R,,R,,R,,R,R,R,R,R,R,R,S,R,,,,
573.4043,EKP,R,R,R,R,R,R,R,,R,S,S,R,R,,R,,R,,R,,R,S,R,R,R,S,R,R,R,,,,
573.41984,EKP,R,R,S,R,S,R,R,,R,S,S,R,R,,R,,R,,S,,S,R,S,R,R,R,S,R,R,,,,
1400185.3,EKP,S,S,,R,,R,,,R,R,R,,,,R,,R,,R,,,,,S,R,,R,R,,,,,
72407.573,EKP,S,S,R,R,R,R,,R,R,R,S,,R,,R,,R,,R,,R,,R,,,,,,,,,,
573.5687,EKP,S,S,R,R,R,R,,R,R,S,R,,R,R,,,R,,R,,R,,R,,,,,,,,,,
573.40427,EKP,R,R,S,R,R,R,R,,R,S,S,R,R,,R,,R,,S,,S,R,S,R,R,R,S,R,R,,,,
573.15058,EKP,R,R,,,,,,,,R,R,,,,R,,R,,,,,,,R,,,,,,,,,
573.42012,EKP,R,R,S,R,S,R,R,,R,S,S,R,R,,R,,R,,R,,R,R,R,R,R,R,R,S,R,,,,
72407.557,EKP,S,S,R,R,R,R,,R,R,R,R,,R,,R,,S,,R,,R,,R,,,,,,,,,,
72407.577,EKP,S,S,R,R,R,R,,R,R,R,R,,R,,R,,R,,R,,R,,R,,,,,,,,,,
573.44142,EKP,R,R,S,R,S,R,R,,R,S,S,R,S,,R,,R,,S,,S,R,R,R,R,R,R,S,R,,,,
573.14819,EKP,R,R,,,,,,,,R,R,,,,R,,R,,,,,,,R,,,,,,,,,
573.41118,EKP,R,R,R,R,R,R,R,,R,S,S,R,R,,R,,R,,R,,R,R,R,R,R,R,R,R,R,,,,
573.41139,EKP,R,R,R,R,R,R,R,,R,R,R,R,R,,R,,R,,R,,R,R,R,S,R,S,R,R,R,,,,
573.40371,EKP,R,R,R,R,R,R,R,,R,R,S,R,R,,R,,R,,R,,R,R,R,R,R,R,R,R,R,,,,
573.5665,EKP,S,S,R,R,R,R,,R,R,S,S,,R,R,,,R,,R,,R,,R,,,,,,,,,,
573.44123,EKP,R,R,R,R,R,R,R,,R,S,S,R,R,,R,,R,,R,,R,S,R,R,R,S,R,R,R,,,,
573.42918,EKP,R,R,R,R,R,R,R,,R,S,S,R,R,,R,,R,,R,,R,R,R,R,R,R,R,S,R,,,,
573.41151,EKP,R,R,S,R,R,R,R,,R,S,S,R,R,,R,,R,,S,,S,R,S,R,R,R,S,R,R,,,,
72407.488,EKP,S,S,R,S,S,R,,R,R,R,R,,R,,R,,S,,R,,R,,R,,,,,,,,,,
573.43102,EKP,R,R,R,R,R,R,R,,R,S,R,R,R,,R,,R,,R,,R,R,R,R,R,R,R,R,R,,,,
573.32132,EKP,S,S,,,,,,,R,S,S,R,,,,,S,,R,,,,,,,,R,,,,,S,
1400177.3,EKP,S,S,,R,,S,,,R,S,S,,,,R,,S,,S,,,,,S,S,,S,S,,,,,
573.41956,EKP,R,R,S,R,S,R,R,,R,S,S,R,S,,R,,R,,S,,S,R,R,R,S,R,R,R,R,,,,
573.42919,EKP,R,R,R,R,S,R,R,,R,R,S,R,R,,R,,R,,S,,S,R,R,R,R,R,R,S,R,,,,
573.42922,EKP,R,R,R,R,R,R,R,,R,R,S,R,R,,R,,R,,R,,R,S,R,S,R,S,R,R,R,,,,
573.40397,EKP,R,R,S,R,S,R,R,,R,S,S,R,R,,R,,R,,S,,S,R,S,R,S,R,S,R,R,,,,
573.24281,EKP,S,S,S,,R,,,R,R,S,S,R,S,,R,,S,,R,,,,,,,,R,S,,,,,
573.40444,EKP,R,R,R,R,R,R,R,,R,R,S,R,R,,R,,R,,R,,R,R,R,R,R,R,R,S,R,,,,
573.32134,EKP,S,S,,,,,,,R,S,S,R,,,,,S,,R,,,,,,,,R,,,,,S,
573.40396,EKP,R,R,R,R,R,R,R,,R,S,R,R,R,,R,,R,,R,,R,R,R,R,R,R,R,R,R,,,,
573.44073,EKP,R,R,R,R,R,R,R,,R,R,S,R,R,,R,,R,,R,,R,R,R,R,R,R,R,S,R,,,,
573.24314,EKP,R,R,R,,R,,,R,R,R,R,R,R,,R,,R,,R,,,,,R,,,R,R,,,,,
573.27348,EKP,S,,,,,,,S,S,S,S,S,,S,,,R,,,R,S,,,S,,,,,,,,,
573.14821,EKP,R,R,,,,,,,,R,R,,,,R,,R,,,,,,,R,,,,,,,,,
573.40403,EKP,S,R,R,R,R,R,R,,R,R,R,R,R,,R,,R,,R,,R,R,R,S,R,S,R,R,R,,,,
72407.587,EKP,S,S,R,R,R,R,,R,R,R,S,,R,,R,,R,,R,,R,,R,,,,,,,,,,
72407.519,EKP,S,S,R,R,R,R,,R,R,R,R,,R,,R,,R,,R,,R,,R,,,,,,,,,,
573.5808,EKP,S,S,R,R,R,R,,R,R,R,S,,R,R,,,R,,R,,R,,R,,,,,,,,,,
573.41171,EKP,R,R,R,R,R,R,R,,R,R,S,R,S,,R,,R,,R,,S,R,R,R,R,S,R,R,R,,,,
573.42925,EKP,R,R,S,R,R,R,R,,R,S,S,R,R,,R,,R,,S,,S,R,R,R,R,R,R,R,R,,,,
573.31036,EKP,S,S,,,,,,,R,R,S,R,,,,,R,,R,,,,,,,,R,,,,,S,
72407.477,EKP,S,S,R,R,R,R,,R,R,R,S,,R,,R,,R,,R,,R,,R,,,,,,,,,,
573.41961,EKP,R,R,S,R,S,R,R,,R,S,S,R,S,,R,,R,,S,,S,R,R,R,S,R,R,S,R,,,,
573.5824,EKP,S,R,R,R,R,R,,R,R,R,S,,S,R,,,R,,R,,S,,R,,,,,,,,,,
573.24312,EKP,S,,R,,R,,,R,R,R,R,R,R,,R,,R,,R,,,,,,,,R,R,,,,,
573.40447,EKP,R,R,R,R,R,R,R,,R,R,S,R,S,,R,,R,,R,,S,R,R,R,R,S,R,R,R,,,,
573.5706,EKP,S,S,R,R,R,R,,S,R,R,S,,S,R,,,R,,R,,R,,R,,,,,,,,,,
573.44085,EKP,S,R,R,R,R,R,R,,R,R,S,R,R,,R,,R,,R,,R,R,R,S,R,S,R,R,R,,,,
72407.509,EKP,R,R,R,R,R,R,,R,R,R,R,,R,,R,,R,,R,,R,,R,,,,,,,,,,
72407.538,EKP,S,S,R,R,R,R,,R,R,R,R,,R,,R,,R,,R,,R,,R,,,,,,,,,,
573.42952,EKP,R,R,R,R,R,R,R,,R,R,R,R,S,,R,,R,,R,,R,R,R,R,R,S,R,S,R,,,,
573.40437,EKP,R,R,S,R,S,R,R,,R,S,S,R,R,,R,,R,,S,,S,R,S,R,R,R,S,S,R,,,,
573.4196,EKP,R,R,R,R,R,R,R,,R,R,S,R,R,,R,,R,,S,,R,R,R,R,R,R,R,S,R,,,,
573.44076,EKP,R,R,S,R,S,R,R,,R,S,S,R,S,,R,,R,,S,,S,R,R,R,S,R,R,S,R,,,,
573.41161,EKP,R,R,R,R,R,R,R,,R,R,R,R,S,,R,,R,,R,,R,R,R,R,R,S,R,S,R,,,,
573.41976,EKP,R,R,R,R,R,R,R,,R,R,R,R,R,,R,,R,,R,,R,R,R,R,R,S,R,R,R,,,,
1438808.3,EKP,R,R,,R,,R,,,R,R,R,,,,R,,R,,R,,,,,R,R,,R,R,,,,,
573.14804,EKP,R,R,,,,,,,,R,R,,,,R,,R,,,,,,,R,,,,,,,,,
573.42937,EKP,R,,R,R,R,R,R,,R,R,R,R,R,,R,,R,,R,,R,S,R,R,R,R,R,R,R,,,,
1438798.3,EKP,S,R,,R,,R,,,R,S,S,,,,R,,R,,,,,,,S,R,,R,R,,,,,
573.41141,EKP,R,R,R,R,R,R,R,,R,R,S,R,R,,R,,R,,R,,R,R,R,R,R,R,R,R,R,,,,
573.42936,EKP,R,R,S,R,S,R,R,,R,S,S,R,R,,R,,R,,S,,S,R,S,R,S,R,S,R,R,,,,
72407.489,EKP,S,S,S,R,R,R,,R,R,S,S,,R,,R,,R,,R,,R,,R,,,,,,,,,,
573.42015,EKP,R,R,R,R,R,R,R,,R,R,R,R,S,,R,,R,,R,,R,R,R,R,R,S,R,S,R,,,,
573.41137,EKP,R,R,R,R,S,R,R,,R,R,R,R,S,,R,,R,,R,,R,R,R,R,R,R,R,S,R,,,,
573.18472,EKP,S,S,R,,R,,,R,R,S,S,R,S,,R,,S,,R,,,,,,,,,S,,,,,
573.44116,EKP,R,R,S,R,S,R,R,,R,S,S,R,R,,R,,R,,S,,S,R,S,R,S,R,S,R,R,,,,
573.42887,EKP,R,R,S,R,S,R,R,,R,S,S,R,R,,R,,R,,S,,S,R,S,R,S,R,S,R,R,,,,
573.43106,EKP,R,R,R,R,R,R,R,,R,S,S,R,S,,R,,R,,R,,R,R,R,R,R,R,R,R,R,,,,
573.15029,EKP,R,R,,,,,,,,R,R,,,,R,,R,,,,,,,R,,,,,,,,,
573.41164,EKP,R,,R,R,R,R,R,,R,S,S,R,R,,R,,R,,R,,R,R,R,R,R,R,R,R,R,,,,
573.40379,EKP,R,R,R,R,R,R,R,,R,R,S,R,R,,R,,R,,R,,R,R,R,R,R,S,R,R,R,,,,
72407.563,EKP,S,S,S,R,R,R,,R,R,S,S,,R,,R,,R,,R,,R,,R,,,,,,,,,,
573.41985,EKP,R,R,R,R,R,R,R,,R,R,R,R,R,,R,,R,,R,,R,R,R,R,R,S,R,R,R,,,,
573.44134,EKP,R,R,R,R,R,R,R,,R,R,S,R,R,,R,,R,,R,,R,R,R,R,R,S,R,R,R,,,,
573.41092,EKP,R,R,S,R,S,R,R,,R,S,S,R,R,,R,,R,,S,,S,R,S,R,S,R,S,R,R,,,,
573.42883,EKP,R,R,S,R,R,R,R,,R,S,S,R,R,,R,,R,,S,,S,R,S,R,R,R,S,R,R,,,,
573.42921,EKP,S,R,R,R,R,R,R,,R,R,R,R,R,,R,,R,,R,,R,R,R,S,R,S,R,R,R,,,,
573.41935,EKP,R,R,R,R,R,R,R,,R,S,R,R,R,,R,,R,,R,,R,R,R,R,R,S,R,R,R,,,,
573.41296,EKP,R,R,R,R,R,R,R,,R,S,R,R,R,,R,,R,,R,,R,R,R,R,R,S,R,R,R,,,,
573.14778,EKP,R,R,,,,,,,,S,S,,,,R,,R,,,,,,,R,,,,,,,,,
573.5797,EKP,S,S,S,S,R,R,,R,R,S,S,,R,R,,,S,,R,,R,,R,,,,,,,,,,
573.41124,EKP,R,R,R,R,S,R,R,,R,R,S,R,R,,R,,R,,S,,S,R,R,R,R,R,R,S,R,,,,
573.44052,EKP,R,R,S,R,S,R,R,,R,S,S,R,R,,R,,R,,S,,S,R,S,R,S,R,S,R,R,,,,
573.24309,EKP,S,,R,,R,,,R,R,R,R,R,R,,R,,R,,R,,,,,,,,,R,,,,,
573.41983,EKP,S,R,R,R,R,R,R,,R,R,R,R,R,,R,,R,,R,,R,R,R,S,R,S,R,R,R,,,,
573.41128,EKP,R,R,S,R,R,R,R,,R,S,S,R,R,,R,,R,,S,,S,S,R,R,R,R,R,S,R,,,,
573.24301,EKP,S,S,R,,R,,,R,R,R,R,R,R,,R,,R,,R,,,,,,,,,R,,,,,
573.41994,EKP,R,R,S,R,S,R,R,,R,S,S,R,R,,R,,R,,S,,S,R,S,S,S,R,S,R,R,,,,
72407.593,EKP,S,S,S,R,R,R,,R,R,S,S,,R,,R,,R,,R,,R,,R,,,,,,,,,,
573.42924,EKP,R,R,R,R,R,R,R,,R,R,S,R,R,,R,,R,,R,,R,S,R,R,R,S,R,S,R,,,,
573.41964,EKP,R,R,R,R,S,R,R,,R,S,S,R,R,,R,,R,,R,,R,R,R,R,R,R,R,S,R,,,,
573.42903,EKP,R,R,R,R,S,R,R,,R,S,S,R,R,,R,,R,,R,,R,R,R,R,R,R,R,S,R,,,,
573.5826,EKP,S,S,S,R,R,R,,R,R,S,S,,S,R,,,R,,R,,R,,R,,,,,,,,,,
573.41949,EKP,R,R,S,R,S,R,R,,R,S,S,R,R,,R,,R,,S,,S,R,S,R,S,S,S,R,R,,,,
72407.591,EKP,R,R,R,R,R,R,,R,R,R,R,,R,,R,,R,,R,,R,,R,,,,,,,,,,
573.41971,EKP,R,R,S,R,S,R,R,,R,S,S,R,R,,R,,R,,R,,R,R,R,R,R,R,R,S,R,,,,
573.40433,EKP,R,R,S,R,S,R,R,,R,S,S,R,R,,R,,R,,S,,S,R,R,R,R,S,S,S,R,,,,
573.24278,EKP,R,R,,,,,,,,R,R,,,,R,,R,,,,,,,R,,,,,,,,,
1438800.3,EKP,R,R,,R,,R,,,R,S,R,,,,R,,R,,,,,,,R,R,,R,R,,,,,
573.40434,EKP,S,R,S,R,R,R,R,,R,S,S,R,R,,R,,R,,S,,S,R,S,S,S,R,S,R,R,,,,
573.40441,EKP,R,R,R,R,R,R,R,,R,R,S,R,R,,R,,R,,R,,R,R,R,R,R,S,R,R,R,,,,
72407.533,EKP,S,S,R,R,R,R,,R,R,R,R,,R,,R,,R,,R,,R,,R,,,,,,,,,,
573.42939,EKP,R,R,S,R,S,R,R,,R,S,S,R,R,,R,,R,,S,,S,R,S,R,S,R,S,R,R,,,,
573.23965,EKP,R,R,,,,,,,,R,R,,,,R,,R,,,,,,,R,,,,,,,,,
573.41158,EKP,R,R,S,R,S,R,R,,R,S,S,R,R,,R,,R,,R,,R,R,R,R,R,R,R,S,R,,,,
573.24246,EKP,S,R,S,,R,,,S,R,S,S,R,S,,R,,R,,S,,,,,,,,R,R,,,,,
573.40358,EKP,R,R,R,R,R,R,R,,R,S,R,R,R,,R,,R,,R,,R,R,R,R,R,S,R,R,R,,,,
573.44125,EKP,R,R,S,R,S,R,R,,R,S,S,R,R,,R,,R,,R,,R,R,R,R,R,R,R,S,R,,,,
573.40435,EKP,R,R,R,R,R,R,R,,R,R,R,R,S,,R,,R,,R,,R,R,R,R,R,S,R,S,R,,,,
573.5705,EKP,S,S,R,R,R,R,,R,R,S,S,,R,R,,,R,,R,,R,,R,,,,,,,,,,
72407.513,EKP,R,R,R,R,R,R,,R,R,S,S,,R,,R,,R,,R,,R,,R,,,,,,,,,,
72407.589,EKP,S,S,R,R,R,R,,R,R,R,R,,R,,R,,S,,R,,R,,R,,,,,,,,,,
573.44088,EKP,R,R,R,R,R,R,R,,R,R,S,R,R,,R,,R,,R,,R,R,R,R,R,R,R,R,R,,,,
573.41116,EKP,R,R,S,R,S,R,R,,R,S,S,R,R,,R,,R,,R,,R,R,R,R,R,R,R,S,R,,,,
573.41105,EKP,R,R,R,R,R,R,R,,R,R,S,R,R,,R,,R,,R,,R,R,R,R,R,R,R,S,R,,,,
573.24319,EKP,S,R,,,R,,,,R,R,R,R,,,R,,R,,R,,R,,R,S,R,,,R,,,,,
573.42912,EKP,R,R,R,R,R,R,R,,R,R,S,R,R,,R,,R,,R,,R,R,R,R,R,R,R,R,R,,,,
573.15053,EKP,R,R,,,,,,,,R,R,,,,R,,R,,,,,,,R,,,,,,,,,
72407.515,EKP,S,S,R,R,R,R,,R,R,R,S,,R,,R,,R,,R,,R,,R,,,,,,,,,,
573.4198,EKP,R,R,R,R,R,R,R,,R,S,R,R,R,,R,,R,,R,,R,R,R,R,R,R,R,R,R,,,,
573.27346,EKP,S,,,,,,,S,S,S,S,S,,S,,,R,,,R,S,,,S,,,,,,,,,
